"field","year","n","total","prop"
"AGRI",1960,0,7496,0
"AGRI",1961,0,8819,0
"AGRI",1962,0,9134,0
"AGRI",1963,0,9491,0
"AGRI",1964,0,10039,0
"AGRI",1965,0,12350,0
"AGRI",1966,0,12654,0
"AGRI",1967,0,14188,0
"AGRI",1968,0,15126,0
"AGRI",1969,0,17190,0
"AGRI",1970,0,18354,0
"AGRI",1971,0,19012,0
"AGRI",1972,1,19996,5.00100020004001e-05
"AGRI",1973,0,21830,0
"AGRI",1974,0,22663,0
"AGRI",1975,1,22972,4.35312554414069e-05
"AGRI",1976,1,25445,3.93004519551975e-05
"AGRI",1977,1,25997,3.84659768434819e-05
"AGRI",1978,1,26875,3.72093023255814e-05
"AGRI",1979,1,28820,3.46981263011797e-05
"AGRI",1980,1,29169,3.42829716479824e-05
"AGRI",1981,4,29799,0.000134232692372227
"AGRI",1982,1,33692,2.96806363528434e-05
"AGRI",1983,0,35230,0
"AGRI",1984,0,38369,0
"AGRI",1985,1,39300,2.54452926208651e-05
"AGRI",1986,1,39160,2.55362614913177e-05
"AGRI",1987,1,39701,2.51882824110224e-05
"AGRI",1988,1,42171,2.37129781129212e-05
"AGRI",1989,0,45567,0
"AGRI",1990,2,50093,3.99257381270836e-05
"AGRI",1991,3,50366,5.95639915816225e-05
"AGRI",1992,3,50510,5.93941793704217e-05
"AGRI",1993,2,54954,3.63940750445827e-05
"AGRI",1994,3,63675,4.71142520612485e-05
"AGRI",1995,3,64553,4.64734404287949e-05
"AGRI",1996,1,78383,1.27578684153452e-05
"AGRI",1997,4,82068,4.87400692108983e-05
"AGRI",1998,3,83315,3.60079217427834e-05
"AGRI",1999,4,84472,4.73529690311583e-05
"AGRI",2000,3,87463,3.4300218378057e-05
"AGRI",2001,4,91822,4.35625449238745e-05
"AGRI",2002,1,97372,1.02698927823194e-05
"AGRI",2003,5,99847,5.00766172243533e-05
"AGRI",2004,4,105106,3.8056818830514e-05
"AGRI",2005,7,117409,5.96206423698354e-05
"AGRI",2006,6,128769,4.65950655825548e-05
"AGRI",2007,10,141444,7.06993580498289e-05
"AGRI",2008,7,152212,4.5988489737997e-05
"AGRI",2009,7,159803,4.38039335932367e-05
"AGRI",2010,17,169080,0.000100544121126094
"AGRI",2011,19,187747,0.00010120001917474
"AGRI",2012,25,198300,0.000126071608673727
"AGRI",2013,28,211681,0.000132274507395562
"AGRI",2014,34,216570,0.000156993120007388
"AGRI",2015,43,224537,0.00019150518622766
"AGRI",2016,41,222906,0.000183934034974384
"AGRI",2017,28,229998,0.000121740189045122
"AGRI",2018,42,237974,0.000176489868641112
"AGRI",2019,34,246734,0.000137800222101534
"AGRI",2020,38,260939,0.00014562790537252
"AGRI",2021,16,281062,5.6926941386598e-05
"ARTS",1960,0,7354,0
"ARTS",1961,0,7567,0
"ARTS",1962,0,7552,0
"ARTS",1963,0,8138,0
"ARTS",1964,0,8781,0
"ARTS",1965,0,8814,0
"ARTS",1966,1,9174,0.000109003706126008
"ARTS",1967,3,9617,0.000311947592804409
"ARTS",1968,3,10383,0.000288933834151979
"ARTS",1969,0,11131,0
"ARTS",1970,0,11446,0
"ARTS",1971,3,11935,0.000251361541684122
"ARTS",1972,3,12031,0.00024935583077051
"ARTS",1973,3,13398,0.000223914017017465
"ARTS",1974,8,14949,0.000535152853033648
"ARTS",1975,11,15025,0.000732113144758735
"ARTS",1976,9,15165,0.000593471810089021
"ARTS",1977,14,15766,0.000887986807053152
"ARTS",1978,12,16078,0.000746361487747232
"ARTS",1979,19,16332,0.00116336027430811
"ARTS",1980,23,17332,0.00132702515578121
"ARTS",1981,17,17516,0.000970541219456497
"ARTS",1982,17,18425,0.000922659430122117
"ARTS",1983,23,18773,0.00122516379907314
"ARTS",1984,23,19850,0.00115869017632242
"ARTS",1985,32,19524,0.00163900839991805
"ARTS",1986,44,20328,0.00216450216450216
"ARTS",1987,27,21564,0.00125208681135225
"ARTS",1988,49,22711,0.00215754480207829
"ARTS",1989,34,23539,0.00144441140235354
"ARTS",1990,45,24359,0.00184736647645634
"ARTS",1991,46,24432,0.00188277668631303
"ARTS",1992,40,24947,0.00160339920631739
"ARTS",1993,55,26047,0.00211156755096556
"ARTS",1994,62,27330,0.00226856933772411
"ARTS",1995,58,27263,0.00212742544840993
"ARTS",1996,75,29059,0.00258095598609725
"ARTS",1997,98,29510,0.00332090816672314
"ARTS",1998,82,30773,0.00266467357748676
"ARTS",1999,55,31523,0.00174475779589506
"ARTS",2000,74,33461,0.00221152984071008
"ARTS",2001,72,33617,0.00214177350745159
"ARTS",2002,77,55835,0.00137906331154294
"ARTS",2003,107,64357,0.00166260080488525
"ARTS",2004,86,68275,0.00125961186378616
"ARTS",2005,105,72517,0.00144793634596026
"ARTS",2006,143,79259,0.00180421150910307
"ARTS",2007,116,87660,0.00132329454711385
"ARTS",2008,114,92714,0.00122958776452316
"ARTS",2009,139,106654,0.00130327976447203
"ARTS",2010,162,117609,0.00137744560365278
"ARTS",2011,123,127919,0.000961545978314402
"ARTS",2012,173,140498,0.00123133425386838
"ARTS",2013,148,152621,0.00096972238420663
"ARTS",2014,139,152180,0.000913392035747142
"ARTS",2015,149,151319,0.000984674759944224
"ARTS",2016,121,158835,0.000761796833191677
"ARTS",2017,155,169724,0.000913247389880041
"ARTS",2018,164,162160,0.00101134681795757
"ARTS",2019,167,161136,0.00103639161950154
"ARTS",2020,151,161084,0.000937399120955526
"ARTS",2021,177,159300,0.00111111111111111
"BIOC",1960,0,22762,0
"BIOC",1961,0,23021,0
"BIOC",1962,0,24360,0
"BIOC",1963,0,27599,0
"BIOC",1964,2,31872,6.27510040160643e-05
"BIOC",1965,1,33864,2.95298842428538e-05
"BIOC",1966,1,36864,2.71267361111111e-05
"BIOC",1967,2,42267,4.73182388151513e-05
"BIOC",1968,0,44673,0
"BIOC",1969,1,47696,2.09661187520966e-05
"BIOC",1970,0,48901,0
"BIOC",1971,2,54331,3.68113968084519e-05
"BIOC",1972,0,58164,0
"BIOC",1973,2,64346,3.10819631367917e-05
"BIOC",1974,1,66450,1.50489089541008e-05
"BIOC",1975,1,69740,1.43389733295096e-05
"BIOC",1976,7,71890,9.73709834469328e-05
"BIOC",1977,4,75253,5.31540270819768e-05
"BIOC",1978,1,79400,1.25944584382872e-05
"BIOC",1979,4,84964,4.70787627701144e-05
"BIOC",1980,8,87337,9.15992076668537e-05
"BIOC",1981,3,91163,3.29080877110231e-05
"BIOC",1982,2,93935,2.12913184648959e-05
"BIOC",1983,6,92958,6.45452785128768e-05
"BIOC",1984,8,100343,7.97265379747466e-05
"BIOC",1985,3,103000,2.9126213592233e-05
"BIOC",1986,7,107117,6.53491042504924e-05
"BIOC",1987,3,110479,2.71544818472289e-05
"BIOC",1988,30,116700,0.00025706940874036
"BIOC",1989,7,123404,5.67242552915627e-05
"BIOC",1990,11,133842,8.21864586602113e-05
"BIOC",1991,9,135413,6.64633380842312e-05
"BIOC",1992,11,138708,7.93032845978602e-05
"BIOC",1993,11,145875,7.54070265638389e-05
"BIOC",1994,20,152737,0.000130944041064051
"BIOC",1995,18,154240,0.000116701244813278
"BIOC",1996,26,170555,0.000152443493301281
"BIOC",1997,26,171853,0.000151292092660588
"BIOC",1998,30,170093,0.000176374101226976
"BIOC",1999,31,167826,0.000184715121614053
"BIOC",2000,20,171676,0.00011649852046879
"BIOC",2001,22,175719,0.000125199893011001
"BIOC",2002,31,179908,0.000172310291926985
"BIOC",2003,45,189284,0.000237738002155491
"BIOC",2004,44,197532,0.000222748719194865
"BIOC",2005,38,208192,0.000182523824162312
"BIOC",2006,77,221714,0.000347294261977142
"BIOC",2007,31,235237,0.000131781990078091
"BIOC",2008,46,242717,0.000189521129545932
"BIOC",2009,62,255550,0.00024261396986891
"BIOC",2010,62,259919,0.000238535851553753
"BIOC",2011,72,277975,0.000259016098570015
"BIOC",2012,77,300849,0.000255942349816685
"BIOC",2013,86,319738,0.000268970219367107
"BIOC",2014,103,327574,0.000314432769389512
"BIOC",2015,133,331801,0.000400842673771327
"BIOC",2016,100,327271,0.000305557168218388
"BIOC",2017,93,326236,0.000285069704140561
"BIOC",2018,129,346875,0.000371891891891892
"BIOC",2019,111,352030,0.000315314035735591
"BIOC",2020,130,386017,0.000336772732807104
"BIOC",2021,106,428206,0.000247544406197017
"BUSI",1960,0,701,0
"BUSI",1961,0,776,0
"BUSI",1962,0,921,0
"BUSI",1963,0,878,0
"BUSI",1964,0,967,0
"BUSI",1965,0,924,0
"BUSI",1966,0,1069,0
"BUSI",1967,0,1329,0
"BUSI",1968,0,1432,0
"BUSI",1969,0,2052,0
"BUSI",1970,0,2400,0
"BUSI",1971,0,2503,0
"BUSI",1972,0,2794,0
"BUSI",1973,0,3510,0
"BUSI",1974,0,4084,0
"BUSI",1975,0,4213,0
"BUSI",1976,0,4354,0
"BUSI",1977,1,4785,0.000208986415882968
"BUSI",1978,0,4933,0
"BUSI",1979,1,5216,0.000191717791411043
"BUSI",1980,1,5453,0.000183385292499542
"BUSI",1981,0,5866,0
"BUSI",1982,0,6612,0
"BUSI",1983,0,7418,0
"BUSI",1984,1,7871,0.000127048659636641
"BUSI",1985,2,8046,0.000248570718369376
"BUSI",1986,3,8355,0.000359066427289048
"BUSI",1987,2,8609,0.000232315019165989
"BUSI",1988,0,9570,0
"BUSI",1989,0,10391,0
"BUSI",1990,2,12656,0.00015802781289507
"BUSI",1991,1,12541,7.9738457858225e-05
"BUSI",1992,1,13507,7.40356852002665e-05
"BUSI",1993,4,14529,0.00027531144607337
"BUSI",1994,1,15933,6.27628193058432e-05
"BUSI",1995,1,17266,5.79172941040195e-05
"BUSI",1996,9,24566,0.0003663600097696
"BUSI",1997,5,23884,0.000209345168313515
"BUSI",1998,2,25475,7.85083415112856e-05
"BUSI",1999,2,25778,7.75855380557064e-05
"BUSI",2000,7,29599,0.000236494476164735
"BUSI",2001,5,41948,0.000119195194049776
"BUSI",2002,7,44894,0.00015592284046866
"BUSI",2003,4,49204,8.12942037232745e-05
"BUSI",2004,12,49200,0.00024390243902439
"BUSI",2005,4,63595,6.28980265744162e-05
"BUSI",2006,4,64114,6.23888698256231e-05
"BUSI",2007,4,66338,6.02972655190087e-05
"BUSI",2008,4,66910,5.97817964429831e-05
"BUSI",2009,5,66985,7.4643576920206e-05
"BUSI",2010,9,73492,0.000122462308822729
"BUSI",2011,14,75108,0.000186398253182084
"BUSI",2012,8,72977,0.000109623580032065
"BUSI",2013,14,82040,0.000170648464163823
"BUSI",2014,12,82229,0.000145933916258254
"BUSI",2015,13,83733,0.000155255395124981
"BUSI",2016,14,94762,0.000147738544986387
"BUSI",2017,11,100334,0.000109633823031076
"BUSI",2018,17,98020,0.00017343399306264
"BUSI",2019,19,108730,0.000174744780649315
"BUSI",2020,23,104334,0.000220445875745203
"BUSI",2021,22,107313,0.000205007780977142
"CENG",1960,0,5000,0
"CENG",1961,0,5270,0
"CENG",1962,0,5721,0
"CENG",1963,0,5560,0
"CENG",1964,0,6133,0
"CENG",1965,0,7753,0
"CENG",1966,0,8315,0
"CENG",1967,0,9476,0
"CENG",1968,0,9886,0
"CENG",1969,0,11421,0
"CENG",1970,0,11870,0
"CENG",1971,0,12267,0
"CENG",1972,0,13139,0
"CENG",1973,0,13643,0
"CENG",1974,0,13459,0
"CENG",1975,0,14509,0
"CENG",1976,0,14981,0
"CENG",1977,0,15395,0
"CENG",1978,1,16125,6.2015503875969e-05
"CENG",1979,0,18744,0
"CENG",1980,1,19790,5.05305709954522e-05
"CENG",1981,0,18436,0
"CENG",1982,0,18678,0
"CENG",1983,1,20887,4.78766696988557e-05
"CENG",1984,0,21669,0
"CENG",1985,0,22872,0
"CENG",1986,1,22586,4.42752147347915e-05
"CENG",1987,0,23639,0
"CENG",1988,0,24934,0
"CENG",1989,0,25723,0
"CENG",1990,0,24996,0
"CENG",1991,0,29424,0
"CENG",1992,0,28670,0
"CENG",1993,1,32093,3.11594428691615e-05
"CENG",1994,1,32685,3.05950741930549e-05
"CENG",1995,1,32589,3.06852005277855e-05
"CENG",1996,3,45178,6.64040019478507e-05
"CENG",1997,1,45386,2.20332261049663e-05
"CENG",1998,1,47334,2.11264630075633e-05
"CENG",1999,0,50087,0
"CENG",2000,1,68892,1.45154734947454e-05
"CENG",2001,0,77200,0
"CENG",2002,2,71364,2.80253349027521e-05
"CENG",2003,4,70908,5.64111242737068e-05
"CENG",2004,1,74384,1.34437513443751e-05
"CENG",2005,3,85211,3.52067221368133e-05
"CENG",2006,1,85320,1.17205813408345e-05
"CENG",2007,0,89394,0
"CENG",2008,1,90584,1.10394771703612e-05
"CENG",2009,2,96318,2.07645507589443e-05
"CENG",2010,0,97594,0
"CENG",2011,10,109821,9.10572659145336e-05
"CENG",2012,0,106301,0
"CENG",2013,3,119750,2.50521920668058e-05
"CENG",2014,1,128849,7.76102259233677e-06
"CENG",2015,1,138681,7.21079311513473e-06
"CENG",2016,0,141090,0
"CENG",2017,3,145323,2.06436696187114e-05
"CENG",2018,2,160314,1.24755167982834e-05
"CENG",2019,0,171765,0
"CENG",2020,7,186756,3.74820621559682e-05
"CENG",2021,4,205563,1.94587547369906e-05
"CHEM",1960,0,17457,0
"CHEM",1961,0,18376,0
"CHEM",1962,0,19367,0
"CHEM",1963,0,20588,0
"CHEM",1964,0,22901,0
"CHEM",1965,0,26668,0
"CHEM",1966,0,27691,0
"CHEM",1967,0,33284,0
"CHEM",1968,0,34861,0
"CHEM",1969,0,32888,0
"CHEM",1970,0,34252,0
"CHEM",1971,0,35533,0
"CHEM",1972,0,37741,0
"CHEM",1973,0,38220,0
"CHEM",1974,0,38915,0
"CHEM",1975,0,39782,0
"CHEM",1976,0,41904,0
"CHEM",1977,0,42378,0
"CHEM",1978,1,43229,2.31326193064841e-05
"CHEM",1979,0,46502,0
"CHEM",1980,0,47828,0
"CHEM",1981,0,49113,0
"CHEM",1982,0,49818,0
"CHEM",1983,1,52432,1.90723222459567e-05
"CHEM",1984,0,55088,0
"CHEM",1985,0,56451,0
"CHEM",1986,1,58215,1.71777033410633e-05
"CHEM",1987,0,59883,0
"CHEM",1988,1,62941,1.58878950127898e-05
"CHEM",1989,0,65728,0
"CHEM",1990,0,69393,0
"CHEM",1991,0,72512,0
"CHEM",1992,0,73944,0
"CHEM",1993,1,80180,1.24719381391868e-05
"CHEM",1994,1,82412,1.21341552201136e-05
"CHEM",1995,1,84170,1.18807175953428e-05
"CHEM",1996,0,107452,0
"CHEM",1997,3,108719,2.7594072793164e-05
"CHEM",1998,2,113652,1.75975785731883e-05
"CHEM",1999,1,114774,8.71277467022148e-06
"CHEM",2000,0,119938,0
"CHEM",2001,0,129680,0
"CHEM",2002,2,135773,1.47304692390976e-05
"CHEM",2003,4,137704,2.90478126997037e-05
"CHEM",2004,1,151153,6.61581311651108e-06
"CHEM",2005,3,163909,1.83028387702933e-05
"CHEM",2006,1,175196,5.70789287426654e-06
"CHEM",2007,1,185576,5.38862783980687e-06
"CHEM",2008,0,191386,0
"CHEM",2009,2,189604,1.05483006687623e-05
"CHEM",2010,2,196002,1.02039775104336e-05
"CHEM",2011,4,211213,1.89382282340576e-05
"CHEM",2012,1,213813,4.6769840935771e-06
"CHEM",2013,3,227200,1.32042253521127e-05
"CHEM",2014,4,235708,1.69701495070172e-05
"CHEM",2015,2,247376,8.08485867667033e-06
"CHEM",2016,3,249368,1.20304128837702e-05
"CHEM",2017,3,254977,1.17657671084059e-05
"CHEM",2018,8,272365,2.93723496043912e-05
"CHEM",2019,5,282163,1.77202538957978e-05
"CHEM",2020,14,295204,4.74248316418477e-05
"CHEM",2021,10,316404,3.16051630194309e-05
"COMP",1960,0,940,0
"COMP",1961,0,1399,0
"COMP",1962,0,1491,0
"COMP",1963,0,1412,0
"COMP",1964,0,1831,0
"COMP",1965,0,2018,0
"COMP",1966,0,2171,0
"COMP",1967,0,2473,0
"COMP",1968,0,2415,0
"COMP",1969,0,3096,0
"COMP",1970,0,3345,0
"COMP",1971,0,4057,0
"COMP",1972,0,4829,0
"COMP",1973,0,5520,0
"COMP",1974,0,6257,0
"COMP",1975,0,7064,0
"COMP",1976,0,7516,0
"COMP",1977,0,8242,0
"COMP",1978,0,8837,0
"COMP",1979,0,10266,0
"COMP",1980,1,11559,8.65126741067566e-05
"COMP",1981,0,12518,0
"COMP",1982,1,14067,7.10883628350039e-05
"COMP",1983,0,16426,0
"COMP",1984,0,17749,0
"COMP",1985,0,18847,0
"COMP",1986,0,23554,0
"COMP",1987,0,25085,0
"COMP",1988,0,28071,0
"COMP",1989,0,33597,0
"COMP",1990,1,38199,2.61786957773764e-05
"COMP",1991,0,43535,0
"COMP",1992,0,48589,0
"COMP",1993,0,55348,0
"COMP",1994,0,61436,0
"COMP",1995,0,65185,0
"COMP",1996,2,75755,2.64008976305194e-05
"COMP",1997,1,77794,1.28544617836851e-05
"COMP",1998,0,85891,0
"COMP",1999,0,88924,0
"COMP",2000,1,92815,1.07741205624091e-05
"COMP",2001,2,105978,1.88718413255581e-05
"COMP",2002,1,118239,8.45744635864647e-06
"COMP",2003,3,130721,2.29496408381209e-05
"COMP",2004,5,129788,3.85243628070392e-05
"COMP",2005,3,163227,1.83793122461357e-05
"COMP",2006,2,205285,9.74255303602309e-06
"COMP",2007,4,231763,1.72590102820554e-05
"COMP",2008,13,269948,4.81574229110792e-05
"COMP",2009,11,303449,3.62499134945246e-05
"COMP",2010,18,318983,5.64293394945812e-05
"COMP",2011,20,320410,6.24200243438095e-05
"COMP",2012,16,322345,4.96362592874095e-05
"COMP",2013,15,321302,4.66850502019907e-05
"COMP",2014,15,328358,4.56818472520846e-05
"COMP",2015,21,343722,6.10958856285021e-05
"COMP",2016,29,376744,7.69753466544922e-05
"COMP",2017,28,403301,6.94270532431112e-05
"COMP",2018,46,452803,0.000101589432932202
"COMP",2019,45,528984,8.5068735538315e-05
"COMP",2020,58,494373,0.000117320322914075
"COMP",2021,45,460487,9.77226284346789e-05
"DECI",1960,0,226,0
"DECI",1961,0,291,0
"DECI",1962,0,228,0
"DECI",1963,0,303,0
"DECI",1964,0,325,0
"DECI",1965,0,312,0
"DECI",1966,0,361,0
"DECI",1967,0,572,0
"DECI",1968,0,576,0
"DECI",1969,0,669,0
"DECI",1970,0,933,0
"DECI",1971,0,960,0
"DECI",1972,0,1070,0
"DECI",1973,0,1282,0
"DECI",1974,0,1295,0
"DECI",1975,0,1572,0
"DECI",1976,0,1655,0
"DECI",1977,0,1644,0
"DECI",1978,0,1907,0
"DECI",1979,0,1883,0
"DECI",1980,0,2027,0
"DECI",1981,0,2128,0
"DECI",1982,0,2377,0
"DECI",1983,0,2509,0
"DECI",1984,0,2868,0
"DECI",1985,0,3151,0
"DECI",1986,0,3541,0
"DECI",1987,0,3720,0
"DECI",1988,0,3880,0
"DECI",1989,0,3888,0
"DECI",1990,0,4450,0
"DECI",1991,0,4719,0
"DECI",1992,0,5794,0
"DECI",1993,0,5905,0
"DECI",1994,0,5995,0
"DECI",1995,0,6225,0
"DECI",1996,0,7652,0
"DECI",1997,0,7688,0
"DECI",1998,0,7965,0
"DECI",1999,1,8916,0.000112157918349035
"DECI",2000,0,8610,0
"DECI",2001,0,8944,0
"DECI",2002,0,9521,0
"DECI",2003,0,10628,0
"DECI",2004,1,10883,9.18864283745291e-05
"DECI",2005,0,14738,0
"DECI",2006,0,16986,0
"DECI",2007,0,20192,0
"DECI",2008,0,23241,0
"DECI",2009,1,25325,3.94866732477789e-05
"DECI",2010,2,27730,7.21240533717995e-05
"DECI",2011,2,24995,8.00160032006401e-05
"DECI",2012,1,23522,4.25133917183913e-05
"DECI",2013,2,25931,7.71277621379816e-05
"DECI",2014,0,26624,0
"DECI",2015,1,30967,3.22924403397165e-05
"DECI",2016,6,38681,0.00015511491429901
"DECI",2017,4,47475,8.42548709847288e-05
"DECI",2018,6,60257,9.95734935360207e-05
"DECI",2019,6,76775,7.81504395962227e-05
"DECI",2020,14,82211,0.000170293513033536
"DECI",2021,8,72264,0.000110705192073508
"DENT",1960,0,960,0
"DENT",1961,0,1010,0
"DENT",1962,0,1050,0
"DENT",1963,0,1059,0
"DENT",1964,0,1102,0
"DENT",1965,0,2128,0
"DENT",1966,0,2165,0
"DENT",1967,2,2591,0.000771902740254728
"DENT",1968,0,2671,0
"DENT",1969,0,2825,0
"DENT",1970,0,2937,0
"DENT",1971,0,3049,0
"DENT",1972,1,3082,0.000324464633354964
"DENT",1973,1,3464,0.000288683602771363
"DENT",1974,2,3609,0.000554170130229981
"DENT",1975,3,3391,0.000884694780300796
"DENT",1976,2,3718,0.000537923614846692
"DENT",1977,3,4090,0.000733496332518337
"DENT",1978,2,3899,0.000512952038984355
"DENT",1979,5,3904,0.00128073770491803
"DENT",1980,2,3986,0.000501756146512795
"DENT",1981,2,4296,0.000465549348230912
"DENT",1982,5,4722,0.00105887335874629
"DENT",1983,2,4533,0.000441208912420031
"DENT",1984,3,4927,0.000608889790947838
"DENT",1985,4,5069,0.000789110278161373
"DENT",1986,20,5366,0.00372717107715244
"DENT",1987,7,5633,0.00124267708148411
"DENT",1988,1,6006,0.000166500166500167
"DENT",1989,5,6409,0.000780152909970354
"DENT",1990,7,6741,0.00103842159916926
"DENT",1991,7,6344,0.00110340479192938
"DENT",1992,11,6438,0.00170860515688102
"DENT",1993,12,6413,0.00187119912677374
"DENT",1994,12,6415,0.00187061574434918
"DENT",1995,15,6505,0.00230591852421214
"DENT",1996,14,6570,0.00213089802130898
"DENT",1997,7,6527,0.00107246820897809
"DENT",1998,16,7004,0.00228440890919475
"DENT",1999,10,6970,0.00143472022955524
"DENT",2000,15,7617,0.00196927924379677
"DENT",2001,9,8062,0.00111634830066981
"DENT",2002,6,8175,0.00073394495412844
"DENT",2003,10,9641,0.00103723680116171
"DENT",2004,12,10161,0.00118098612341305
"DENT",2005,15,11914,0.00125902299815343
"DENT",2006,18,13731,0.00131090233777584
"DENT",2007,11,14676,0.000749523030798583
"DENT",2008,18,15416,0.00116761805915932
"DENT",2009,21,15233,0.00137858596468194
"DENT",2010,11,15041,0.000731334352769098
"DENT",2011,19,17252,0.00110132158590308
"DENT",2012,17,18825,0.000903054448871182
"DENT",2013,17,17489,0.000972039567728286
"DENT",2014,17,16719,0.00101680722531252
"DENT",2015,18,16831,0.00106945517200404
"DENT",2016,23,16840,0.00136579572446556
"DENT",2017,20,17799,0.00112365863250744
"DENT",2018,21,18032,0.00116459627329193
"DENT",2019,16,18026,0.000887606790191945
"DENT",2020,12,19788,0.000606428138265616
"DENT",2021,23,23436,0.000981396142686465
"EART",1960,0,2918,0
"EART",1961,0,3243,0
"EART",1962,0,3555,0
"EART",1963,0,3621,0
"EART",1964,0,4568,0
"EART",1965,0,5531,0
"EART",1966,0,6313,0
"EART",1967,0,7517,0
"EART",1968,0,8412,0
"EART",1969,0,10329,0
"EART",1970,0,11352,0
"EART",1971,0,10426,0
"EART",1972,0,10691,0
"EART",1973,0,11702,0
"EART",1974,0,13138,0
"EART",1975,0,14383,0
"EART",1976,0,14848,0
"EART",1977,0,15878,0
"EART",1978,0,20420,0
"EART",1979,1,31780,3.14663310258024e-05
"EART",1980,0,34332,0
"EART",1981,1,37984,2.63268744734625e-05
"EART",1982,1,41570,2.40558094779889e-05
"EART",1983,0,42184,0
"EART",1984,0,43188,0
"EART",1985,1,39060,2.56016385048643e-05
"EART",1986,1,38327,2.60912672528505e-05
"EART",1987,0,37995,0
"EART",1988,0,37989,0
"EART",1989,8,41565,0.000192469625887165
"EART",1990,1,44737,2.23528622840155e-05
"EART",1991,1,44269,2.25891707515417e-05
"EART",1992,2,44263,4.51844655807333e-05
"EART",1993,5,45253,0.00011048991227101
"EART",1994,1,45614,2.19230937869952e-05
"EART",1995,9,48639,0.000185036698945291
"EART",1996,2,56827,3.51945378077322e-05
"EART",1997,1,56349,1.77465438605832e-05
"EART",1998,0,56432,0
"EART",1999,0,58003,0
"EART",2000,1,65518,1.52629811654812e-05
"EART",2001,1,66308,1.50811365144477e-05
"EART",2002,0,66845,0
"EART",2003,0,71775,0
"EART",2004,2,74824,2.67293916390463e-05
"EART",2005,1,86604,1.15468107708651e-05
"EART",2006,1,92269,1.08378762097779e-05
"EART",2007,1,93212,1.07282324164271e-05
"EART",2008,2,95356,2.09740341457276e-05
"EART",2009,3,101384,2.95904679239328e-05
"EART",2010,0,101597,0
"EART",2011,1,108515,9.21531585495093e-06
"EART",2012,0,113874,0
"EART",2013,1,123894,8.07141588777503e-06
"EART",2014,1,129031,7.75007556323674e-06
"EART",2015,4,133251,3.00185364462556e-05
"EART",2016,2,139538,1.43330132293712e-05
"EART",2017,5,141597,3.53114825879079e-05
"EART",2018,2,164870,1.21307696973373e-05
"EART",2019,5,179900,2.77932184546971e-05
"EART",2020,2,183316,1.09101224115735e-05
"EART",2021,4,192814,2.07453815594303e-05
"ECON",1960,0,898,0
"ECON",1961,0,1016,0
"ECON",1962,0,1080,0
"ECON",1963,0,1131,0
"ECON",1964,0,1103,0
"ECON",1965,0,1161,0
"ECON",1966,0,1305,0
"ECON",1967,0,1577,0
"ECON",1968,0,1685,0
"ECON",1969,0,2008,0
"ECON",1970,0,1936,0
"ECON",1971,0,2242,0
"ECON",1972,0,2261,0
"ECON",1973,0,2507,0
"ECON",1974,0,3063,0
"ECON",1975,0,2977,0
"ECON",1976,0,3156,0
"ECON",1977,0,3587,0
"ECON",1978,0,4028,0
"ECON",1979,0,4734,0
"ECON",1980,0,4397,0
"ECON",1981,1,4657,0.000214730513205927
"ECON",1982,0,5026,0
"ECON",1983,0,5314,0
"ECON",1984,0,5640,0
"ECON",1985,0,6374,0
"ECON",1986,0,6281,0
"ECON",1987,0,6394,0
"ECON",1988,0,6701,0
"ECON",1989,0,7263,0
"ECON",1990,0,7752,0
"ECON",1991,0,8021,0
"ECON",1992,0,8391,0
"ECON",1993,0,8876,0
"ECON",1994,0,9705,0
"ECON",1995,1,10352,9.65996908809892e-05
"ECON",1996,3,12568,0.000238701464035646
"ECON",1997,0,12466,0
"ECON",1998,1,13076,7.64759865402264e-05
"ECON",1999,3,13977,0.000214638334406525
"ECON",2000,2,15517,0.000128890893858349
"ECON",2001,2,15216,0.000131440588853838
"ECON",2002,4,16884,0.000236910684671879
"ECON",2003,2,25864,7.73275595422209e-05
"ECON",2004,4,26321,0.000151969909957828
"ECON",2005,5,31859,0.000156941523588311
"ECON",2006,3,33911,8.84668691575005e-05
"ECON",2007,4,37101,0.000107813805557802
"ECON",2008,2,40670,4.9176297024834e-05
"ECON",2009,3,44553,6.73355329607434e-05
"ECON",2010,7,49129,0.000142482037086039
"ECON",2011,10,50424,0.000198318261145486
"ECON",2012,17,55452,0.000306571449181274
"ECON",2013,21,65112,0.000322521194249908
"ECON",2014,23,62375,0.0003687374749499
"ECON",2015,20,66341,0.000301472694110731
"ECON",2016,11,70063,0.000157001555742689
"ECON",2017,15,73899,0.000202979742621686
"ECON",2018,15,69110,0.000217045290117204
"ECON",2019,14,65035,0.00021526870146844
"ECON",2020,16,67544,0.000236882624659481
"ECON",2021,16,74077,0.000215991468337001
"ENER",1960,0,1544,0
"ENER",1961,0,1823,0
"ENER",1962,0,1679,0
"ENER",1963,0,2370,0
"ENER",1964,1,2425,0.000412371134020619
"ENER",1965,0,3325,0
"ENER",1966,0,3190,0
"ENER",1967,0,4050,0
"ENER",1968,0,3558,0
"ENER",1969,0,5190,0
"ENER",1970,0,5420,0
"ENER",1971,0,6229,0
"ENER",1972,0,5399,0
"ENER",1973,0,6031,0
"ENER",1974,0,6066,0
"ENER",1975,0,7690,0
"ENER",1976,0,8039,0
"ENER",1977,0,9061,0
"ENER",1978,0,9464,0
"ENER",1979,0,11345,0
"ENER",1980,0,10280,0
"ENER",1981,0,11784,0
"ENER",1982,0,13427,0
"ENER",1983,0,12790,0
"ENER",1984,0,13384,0
"ENER",1985,0,15093,0
"ENER",1986,0,12651,0
"ENER",1987,0,12967,0
"ENER",1988,0,13638,0
"ENER",1989,0,15686,0
"ENER",1990,0,14399,0
"ENER",1991,0,17825,0
"ENER",1992,0,18028,0
"ENER",1993,0,17862,0
"ENER",1994,0,19911,0
"ENER",1995,0,21216,0
"ENER",1996,0,22936,0
"ENER",1997,0,24322,0
"ENER",1998,0,23054,0
"ENER",1999,0,24744,0
"ENER",2000,0,37030,0
"ENER",2001,0,35851,0
"ENER",2002,0,37501,0
"ENER",2003,0,37785,0
"ENER",2004,0,40469,0
"ENER",2005,0,47467,0
"ENER",2006,0,47173,0
"ENER",2007,0,57491,0
"ENER",2008,0,60978,0
"ENER",2009,0,70397,0
"ENER",2010,0,69686,0
"ENER",2011,0,75990,0
"ENER",2012,0,78381,0
"ENER",2013,0,88754,0
"ENER",2014,0,97578,0
"ENER",2015,0,104294,0
"ENER",2016,1,119512,8.36736059977241e-06
"ENER",2017,2,140050,1.42806140664049e-05
"ENER",2018,0,154694,0
"ENER",2019,3,177467,1.69045512686866e-05
"ENER",2020,4,180894,2.2112397315555e-05
"ENER",2021,4,171488,2.33252472476208e-05
"ENGI",1960,0,8713,0
"ENGI",1961,0,9134,0
"ENGI",1962,0,10773,0
"ENGI",1963,0,12728,0
"ENGI",1964,0,15804,0
"ENGI",1965,0,17820,0
"ENGI",1966,0,20182,0
"ENGI",1967,0,23792,0
"ENGI",1968,0,30401,0
"ENGI",1969,0,55601,0
"ENGI",1970,0,60137,0
"ENGI",1971,0,60377,0
"ENGI",1972,0,55771,0
"ENGI",1973,0,83732,0
"ENGI",1974,0,97226,0
"ENGI",1975,0,96122,0
"ENGI",1976,0,89187,0
"ENGI",1977,0,96492,0
"ENGI",1978,0,100232,0
"ENGI",1979,0,104639,0
"ENGI",1980,0,116247,0
"ENGI",1981,1,126594,7.89926852773433e-06
"ENGI",1982,2,151501,1.32012329951617e-05
"ENGI",1983,1,175623,5.69401502081163e-06
"ENGI",1984,2,183255,1.09137540585523e-05
"ENGI",1985,0,177053,0
"ENGI",1986,0,164579,0
"ENGI",1987,0,152162,0
"ENGI",1988,1,135250,7.39371534195933e-06
"ENGI",1989,0,146516,0
"ENGI",1990,0,142877,0
"ENGI",1991,0,155316,0
"ENGI",1992,0,146386,0
"ENGI",1993,1,167665,5.9642739987475e-06
"ENGI",1994,0,172518,0
"ENGI",1995,0,183387,0
"ENGI",1996,0,207609,0
"ENGI",1997,1,210461,4.75147414485344e-06
"ENGI",1998,1,211726,4.72308549729367e-06
"ENGI",1999,0,206022,0
"ENGI",2000,1,226540,4.41423148229893e-06
"ENGI",2001,5,280753,1.78092486990344e-05
"ENGI",2002,1,291965,3.42506807322796e-06
"ENGI",2003,1,304576,3.28325278419836e-06
"ENGI",2004,2,362336,5.51973858518061e-06
"ENGI",2005,4,440311,9.08448800961139e-06
"ENGI",2006,6,433525,1.38400322934087e-05
"ENGI",2007,3,437845,6.8517397709235e-06
"ENGI",2008,3,454935,6.59434864321277e-06
"ENGI",2009,7,457050,1.5315610983481e-05
"ENGI",2010,8,480342,1.665480012158e-05
"ENGI",2011,12,524171,2.28932924560878e-05
"ENGI",2012,10,538871,1.85573170573291e-05
"ENGI",2013,11,574642,1.91423529780281e-05
"ENGI",2014,8,608641,1.31440372896338e-05
"ENGI",2015,15,582141,2.57669533669678e-05
"ENGI",2016,15,607939,2.46735281006812e-05
"ENGI",2017,15,642031,2.33633578440916e-05
"ENGI",2018,20,699291,2.86003966875021e-05
"ENGI",2019,34,762606,4.45839660322631e-05
"ENGI",2020,38,731991,5.19132065831411e-05
"ENGI",2021,26,686553,3.78703464991049e-05
"ENVI",1960,0,3108,0
"ENVI",1961,0,3420,0
"ENVI",1962,0,3730,0
"ENVI",1963,0,3961,0
"ENVI",1964,1,4526,0.000220945647370747
"ENVI",1965,0,5492,0
"ENVI",1966,0,5730,0
"ENVI",1967,0,7169,0
"ENVI",1968,0,7766,0
"ENVI",1969,0,9193,0
"ENVI",1970,0,10205,0
"ENVI",1971,0,9814,0
"ENVI",1972,0,10379,0
"ENVI",1973,0,12101,0
"ENVI",1974,0,14355,0
"ENVI",1975,0,14727,0
"ENVI",1976,0,15779,0
"ENVI",1977,0,17682,0
"ENVI",1978,1,22066,4.5318589685489e-05
"ENVI",1979,3,31698,9.46431951542684e-05
"ENVI",1980,3,34860,8.60585197934596e-05
"ENVI",1981,5,37230,0.00013430029546065
"ENVI",1982,6,40413,0.000148467077425581
"ENVI",1983,3,41280,7.26744186046512e-05
"ENVI",1984,2,42733,4.68022371469356e-05
"ENVI",1985,7,39423,0.000177561322070872
"ENVI",1986,3,38425,7.80741704619388e-05
"ENVI",1987,2,38043,5.25720894776963e-05
"ENVI",1988,3,39460,7.60263558033452e-05
"ENVI",1989,14,41744,0.000335377539287083
"ENVI",1990,8,45142,0.000177218554782686
"ENVI",1991,10,44236,0.000226060222443259
"ENVI",1992,11,43615,0.000252206809583859
"ENVI",1993,8,45215,0.000176932433926794
"ENVI",1994,11,46956,0.000234261862168839
"ENVI",1995,15,50173,0.000298965579096327
"ENVI",1996,6,51728,0.000115991339313331
"ENVI",1997,11,53045,0.000207371100009426
"ENVI",1998,9,52618,0.000171044129385381
"ENVI",1999,6,56447,0.00010629440005669
"ENVI",2000,12,55656,0.000215610176800345
"ENVI",2001,5,60768,8.22801474460242e-05
"ENVI",2002,7,61533,0.000113760096208539
"ENVI",2003,19,65086,0.000291921457763574
"ENVI",2004,10,69155,0.000144602704070566
"ENVI",2005,14,78613,0.000178087593654993
"ENVI",2006,20,86255,0.000231870616196163
"ENVI",2007,13,94408,0.000137700194898737
"ENVI",2008,15,97053,0.000154554727829124
"ENVI",2009,10,106484,9.39108222831599e-05
"ENVI",2010,11,112346,9.79118081640646e-05
"ENVI",2011,20,126235,0.000158434665504812
"ENVI",2012,19,128868,0.000147437688177049
"ENVI",2013,27,136683,0.000197537367485349
"ENVI",2014,30,145677,0.000205935048085834
"ENVI",2015,24,152573,0.0001573017506374
"ENVI",2016,35,164707,0.000212498558045499
"ENVI",2017,40,180109,0.000222087735760012
"ENVI",2018,38,211643,0.000179547634459916
"ENVI",2019,58,242646,0.000239031346076177
"ENVI",2020,87,271722,0.000320180184158809
"ENVI",2021,93,306605,0.000303321863635622
"HEAL",1960,0,1038,0
"HEAL",1961,0,1087,0
"HEAL",1962,0,1403,0
"HEAL",1963,0,1518,0
"HEAL",1964,0,1547,0
"HEAL",1965,0,1947,0
"HEAL",1966,0,2182,0
"HEAL",1967,0,2179,0
"HEAL",1968,1,2427,0.000412031314379893
"HEAL",1969,0,2658,0
"HEAL",1970,0,2395,0
"HEAL",1971,0,2565,0
"HEAL",1972,0,2950,0
"HEAL",1973,2,3399,0.000588408355398647
"HEAL",1974,0,3803,0
"HEAL",1975,2,3997,0.000500375281461096
"HEAL",1976,1,3939,0.000253871541000254
"HEAL",1977,4,3897,0.00102643058763151
"HEAL",1978,2,4570,0.000437636761487965
"HEAL",1979,1,4929,0.000202880908906472
"HEAL",1980,2,4965,0.00040281973816717
"HEAL",1981,0,5242,0
"HEAL",1982,6,5696,0.00105337078651685
"HEAL",1983,3,5835,0.00051413881748072
"HEAL",1984,9,6367,0.00141353855819067
"HEAL",1985,10,6703,0.00149186931224825
"HEAL",1986,10,6770,0.00147710487444609
"HEAL",1987,6,7622,0.000787194961952244
"HEAL",1988,7,8842,0.00079167609138204
"HEAL",1989,5,9384,0.000532821824381927
"HEAL",1990,8,10050,0.000796019900497512
"HEAL",1991,21,10051,0.00208934434384638
"HEAL",1992,14,10344,0.00135344160866203
"HEAL",1993,12,11131,0.0010780702542449
"HEAL",1994,25,11232,0.00222578347578348
"HEAL",1995,21,11894,0.00176559609887338
"HEAL",1996,14,12984,0.00107825015403574
"HEAL",1997,24,14588,0.00164518782561009
"HEAL",1998,37,14063,0.00263101756381995
"HEAL",1999,22,14090,0.00156139105748758
"HEAL",2000,41,16760,0.00244630071599045
"HEAL",2001,41,16356,0.00250672536072389
"HEAL",2002,26,16453,0.00158025891934602
"HEAL",2003,42,17707,0.00237194329926018
"HEAL",2004,31,19196,0.00161491977495312
"HEAL",2005,29,20947,0.00138444646011362
"HEAL",2006,42,22324,0.00188138326464791
"HEAL",2007,60,23510,0.0025521054870268
"HEAL",2008,41,25186,0.0016278885094894
"HEAL",2009,39,27619,0.0014120714001231
"HEAL",2010,42,29778,0.00141043723554302
"HEAL",2011,43,32101,0.00133952213326688
"HEAL",2012,64,32175,0.00198912198912199
"HEAL",2013,73,33143,0.00220257671303141
"HEAL",2014,63,34783,0.00181122962366673
"HEAL",2015,48,36548,0.00131334135930831
"HEAL",2016,33,36627,0.000900974690801867
"HEAL",2017,41,38823,0.00105607500708343
"HEAL",2018,44,39335,0.00111859666963264
"HEAL",2019,38,42341,0.000897475260385914
"HEAL",2020,57,48042,0.00118646184588485
"HEAL",2021,64,58762,0.00108913923964467
"IMMU",1960,0,3602,0
"IMMU",1961,0,3553,0
"IMMU",1962,0,3938,0
"IMMU",1963,0,4375,0
"IMMU",1964,0,4844,0
"IMMU",1965,0,5411,0
"IMMU",1966,0,5492,0
"IMMU",1967,0,6162,0
"IMMU",1968,0,6681,0
"IMMU",1969,0,7495,0
"IMMU",1970,0,7576,0
"IMMU",1971,0,8620,0
"IMMU",1972,0,9585,0
"IMMU",1973,1,11414,8.76117049237778e-05
"IMMU",1974,0,12730,0
"IMMU",1975,0,13166,0
"IMMU",1976,0,13932,0
"IMMU",1977,0,15505,0
"IMMU",1978,1,15951,6.26919942323365e-05
"IMMU",1979,0,17693,0
"IMMU",1980,0,18415,0
"IMMU",1981,0,19252,0
"IMMU",1982,1,20838,4.79892504079086e-05
"IMMU",1983,0,21483,0
"IMMU",1984,3,22406,0.000133892707310542
"IMMU",1985,2,24380,8.20344544708778e-05
"IMMU",1986,4,24370,0.000164136233073451
"IMMU",1987,0,25736,0
"IMMU",1988,2,27174,7.35997644807537e-05
"IMMU",1989,6,29668,0.000202238101658352
"IMMU",1990,6,32103,0.000186898420708345
"IMMU",1991,6,32963,0.000182022267390711
"IMMU",1992,8,34832,0.000229673863114378
"IMMU",1993,4,35865,0.000111529346159208
"IMMU",1994,7,38092,0.000183765620077707
"IMMU",1995,14,39127,0.000357809185472947
"IMMU",1996,8,40356,0.000198235702249975
"IMMU",1997,10,42423,0.000235721188977677
"IMMU",1998,13,41381,0.000314153838718252
"IMMU",1999,7,43057,0.000162575191025849
"IMMU",2000,15,42892,0.000349715564674065
"IMMU",2001,15,43838,0.000342168894566358
"IMMU",2002,6,44133,0.000135952688464414
"IMMU",2003,15,45676,0.000328400035029337
"IMMU",2004,10,47353,0.00021117986188837
"IMMU",2005,21,50407,0.000416608804332732
"IMMU",2006,17,54533,0.000311737846808355
"IMMU",2007,18,57862,0.000311084995333725
"IMMU",2008,22,60731,0.000362253214997283
"IMMU",2009,14,62769,0.000223040035686406
"IMMU",2010,19,64610,0.000294072125058041
"IMMU",2011,14,69595,0.000201163876715281
"IMMU",2012,17,71080,0.000239167135621835
"IMMU",2013,30,75480,0.000397456279809221
"IMMU",2014,19,79107,0.000240181020642927
"IMMU",2015,19,79938,0.000237684205259076
"IMMU",2016,30,80427,0.000373009064120258
"IMMU",2017,21,83109,0.000252680215139155
"IMMU",2018,31,87165,0.000355647335513107
"IMMU",2019,19,88393,0.000214949147556933
"IMMU",2020,20,100755,0.000198501315071212
"IMMU",2021,26,118530,0.000219353750105459
"MATE",1960,0,6632,0
"MATE",1961,0,6553,0
"MATE",1962,0,7217,0
"MATE",1963,0,7888,0
"MATE",1964,0,8971,0
"MATE",1965,0,10565,0
"MATE",1966,0,10984,0
"MATE",1967,0,13694,0
"MATE",1968,0,14110,0
"MATE",1969,0,15851,0
"MATE",1970,0,17523,0
"MATE",1971,0,23336,0
"MATE",1972,0,24143,0
"MATE",1973,0,26968,0
"MATE",1974,0,29537,0
"MATE",1975,0,30361,0
"MATE",1976,0,32648,0
"MATE",1977,0,33737,0
"MATE",1978,0,35675,0
"MATE",1979,0,38680,0
"MATE",1980,0,40181,0
"MATE",1981,0,41438,0
"MATE",1982,0,42269,0
"MATE",1983,0,47933,0
"MATE",1984,0,50260,0
"MATE",1985,0,51024,0
"MATE",1986,0,54746,0
"MATE",1987,0,58486,0
"MATE",1988,0,59680,0
"MATE",1989,0,68164,0
"MATE",1990,0,69160,0
"MATE",1991,0,77813,0
"MATE",1992,0,75939,0
"MATE",1993,0,90684,0
"MATE",1994,0,95358,0
"MATE",1995,0,98103,0
"MATE",1996,0,123265,0
"MATE",1997,1,129747,7.70730729804928e-06
"MATE",1998,0,131576,0
"MATE",1999,0,133979,0
"MATE",2000,0,142594,0
"MATE",2001,0,167069,0
"MATE",2002,0,175644,0
"MATE",2003,0,166945,0
"MATE",2004,2,180354,1.10893021502157e-05
"MATE",2005,0,203581,0
"MATE",2006,1,211645,4.72489309929363e-06
"MATE",2007,1,221825,4.50805815395019e-06
"MATE",2008,1,227986,4.38623424245348e-06
"MATE",2009,0,228838,0
"MATE",2010,1,226357,4.41780020056813e-06
"MATE",2011,3,245092,1.22403016010315e-05
"MATE",2012,2,248943,8.03396761507654e-06
"MATE",2013,0,256953,0
"MATE",2014,1,277223,3.60720430844483e-06
"MATE",2015,1,288839,3.46213634585357e-06
"MATE",2016,2,302572,6.6099969594014e-06
"MATE",2017,3,330342,9.08149735728427e-06
"MATE",2018,2,358943,5.571915318031e-06
"MATE",2019,4,386371,1.03527438653522e-05
"MATE",2020,3,396380,7.5684948786518e-06
"MATE",2021,3,381816,7.8571877553586e-06
"MATH",1960,0,3782,0
"MATH",1961,0,4527,0
"MATH",1962,0,4659,0
"MATH",1963,0,4736,0
"MATH",1964,1,5368,0.00018628912071535
"MATH",1965,0,6341,0
"MATH",1966,0,7347,0
"MATH",1967,0,8305,0
"MATH",1968,0,9203,0
"MATH",1969,0,10952,0
"MATH",1970,0,11400,0
"MATH",1971,0,12521,0
"MATH",1972,0,13015,0
"MATH",1973,1,14638,6.83153436261784e-05
"MATH",1974,0,15888,0
"MATH",1975,0,16449,0
"MATH",1976,0,16744,0
"MATH",1977,0,17329,0
"MATH",1978,0,17577,0
"MATH",1979,0,18549,0
"MATH",1980,0,20144,0
"MATH",1981,0,20352,0
"MATH",1982,0,21853,0
"MATH",1983,0,23234,0
"MATH",1984,0,24332,0
"MATH",1985,0,25682,0
"MATH",1986,0,29340,0
"MATH",1987,0,31204,0
"MATH",1988,0,33227,0
"MATH",1989,0,37036,0
"MATH",1990,1,41312,2.42060418280403e-05
"MATH",1991,0,44707,0
"MATH",1992,1,45909,2.17822213509334e-05
"MATH",1993,0,54477,0
"MATH",1994,0,56071,0
"MATH",1995,0,58657,0
"MATH",1996,0,67661,0
"MATH",1997,1,69552,1.43777317690361e-05
"MATH",1998,0,73350,0
"MATH",1999,1,76301,1.31059881259748e-05
"MATH",2000,1,79069,1.26471815755859e-05
"MATH",2001,2,88044,2.27159147698878e-05
"MATH",2002,1,93962,1.06426002000809e-05
"MATH",2003,0,98684,0
"MATH",2004,0,111849,0
"MATH",2005,2,123798,1.61553498441009e-05
"MATH",2006,2,134988,1.48161318043085e-05
"MATH",2007,1,146160,6.84181718664477e-06
"MATH",2008,5,144051,3.47099291223247e-05
"MATH",2009,1,156308,6.39762520152519e-06
"MATH",2010,3,161743,1.85479433422157e-05
"MATH",2011,6,174644,3.43556033989144e-05
"MATH",2012,5,177217,2.82139975284538e-05
"MATH",2013,5,181209,2.75924484986949e-05
"MATH",2014,4,184582,2.16705854308654e-05
"MATH",2015,1,189533,5.27612605720376e-06
"MATH",2016,5,211568,2.36330636013008e-05
"MATH",2017,10,235613,4.24424798292115e-05
"MATH",2018,6,249716,2.40272950071281e-05
"MATH",2019,10,273198,3.66034890445757e-05
"MATH",2020,7,271327,2.5799127989474e-05
"MATH",2021,8,266530,3.00153828837279e-05
"MEDI",1960,0,104068,0
"MEDI",1961,0,111979,0
"MEDI",1962,1,114130,8.76193814071673e-06
"MEDI",1963,14,131896,0.000106144234851701
"MEDI",1964,44,142252,0.000309310238168883
"MEDI",1965,32,148852,0.000214978636497998
"MEDI",1966,40,149477,0.000267599697612342
"MEDI",1967,52,155436,0.000334542834349829
"MEDI",1968,74,166420,0.000444658093979089
"MEDI",1969,68,171426,0.000396672616755918
"MEDI",1970,78,173747,0.000448928614594784
"MEDI",1971,98,175084,0.000559731328962098
"MEDI",1972,107,182874,0.000585102310880716
"MEDI",1973,177,230152,0.000769056971045222
"MEDI",1974,224,244822,0.000914950453799087
"MEDI",1975,260,241589,0.00107620793993104
"MEDI",1976,283,239649,0.00118089372373763
"MEDI",1977,340,247409,0.00137424265083324
"MEDI",1978,289,256699,0.00112583220035918
"MEDI",1979,415,265098,0.0015654588114584
"MEDI",1980,322,256885,0.00125347918329213
"MEDI",1981,311,262288,0.00118571951442689
"MEDI",1982,352,266290,0.00132186713733148
"MEDI",1983,415,257419,0.00161215761074357
"MEDI",1984,448,276611,0.0016196029803587
"MEDI",1985,575,293021,0.00196231669402534
"MEDI",1986,658,279350,0.00235546805083229
"MEDI",1987,589,290915,0.00202464637437052
"MEDI",1988,714,313177,0.00227986090932604
"MEDI",1989,753,334907,0.00224838537265569
"MEDI",1990,901,356687,0.00252602421731098
"MEDI",1991,949,341073,0.00278239555754926
"MEDI",1992,997,340784,0.00292560683600169
"MEDI",1993,1172,350757,0.00334134457758505
"MEDI",1994,1229,353846,0.0034732623796793
"MEDI",1995,1286,363219,0.00354056368196598
"MEDI",1996,1208,380636,0.00317363570445255
"MEDI",1997,1238,397398,0.00311526479750779
"MEDI",1998,1384,394326,0.00350978631893408
"MEDI",1999,1418,402961,0.00351895096547805
"MEDI",2000,1459,410737,0.00355215137667169
"MEDI",2001,1467,418979,0.00350136880368706
"MEDI",2002,1636,430742,0.00379809723686104
"MEDI",2003,1698,449898,0.00377418881613166
"MEDI",2004,1848,475926,0.00388295659409236
"MEDI",2005,1926,518423,0.00371511294830669
"MEDI",2006,1984,551919,0.00359473038616174
"MEDI",2007,1914,573734,0.00333604074361987
"MEDI",2008,2117,594651,0.00356007136959326
"MEDI",2009,2157,614591,0.00350965113384348
"MEDI",2010,2192,636664,0.0034429463578905
"MEDI",2011,2232,665443,0.00335415655435552
"MEDI",2012,2286,702802,0.00325269421544048
"MEDI",2013,2400,721702,0.00332547228634533
"MEDI",2014,2463,735250,0.00334988099285957
"MEDI",2015,2604,755263,0.00344780559884438
"MEDI",2016,2421,763662,0.00317025071301178
"MEDI",2017,2512,764497,0.00328582061146087
"MEDI",2018,2515,787151,0.00319506676609698
"MEDI",2019,2461,805584,0.00305492661224652
"MEDI",2020,2652,911681,0.00290891221819913
"MEDI",2021,2794,1051170,0.00265799061997584
"NEUR",1960,0,2449,0
"NEUR",1961,0,2582,0
"NEUR",1962,0,2932,0
"NEUR",1963,0,3677,0
"NEUR",1964,1,4065,0.0002460024600246
"NEUR",1965,0,4657,0
"NEUR",1966,1,4456,0.000224416517055655
"NEUR",1967,0,5859,0
"NEUR",1968,0,6274,0
"NEUR",1969,2,7385,0.0002708192281652
"NEUR",1970,1,6845,0.00014609203798393
"NEUR",1971,1,7198,0.000138927479855515
"NEUR",1972,2,7383,0.000270892591087634
"NEUR",1973,2,9123,0.000219226131754905
"NEUR",1974,7,8886,0.00078775602070673
"NEUR",1975,2,10093,0.000198157138610918
"NEUR",1976,7,10153,0.000689451393676746
"NEUR",1977,6,12198,0.000491883915395967
"NEUR",1978,3,12407,0.000241798984444265
"NEUR",1979,7,13219,0.000529540812466904
"NEUR",1980,7,15037,0.000465518387976325
"NEUR",1981,2,15645,0.000127836369447108
"NEUR",1982,5,16979,0.00029448141822251
"NEUR",1983,8,17245,0.000463902580458104
"NEUR",1984,9,18277,0.000492422169940362
"NEUR",1985,5,19216,0.000260199833472107
"NEUR",1986,3,20918,0.000143417152691462
"NEUR",1987,6,21976,0.000273025118310885
"NEUR",1988,26,24329,0.00106868346417855
"NEUR",1989,11,24961,0.000440687472457033
"NEUR",1990,6,26817,0.000223738673229668
"NEUR",1991,16,27161,0.000589079930783108
"NEUR",1992,20,28317,0.000706289508069358
"NEUR",1993,27,29524,0.000914510228966265
"NEUR",1994,31,32297,0.000959841471344088
"NEUR",1995,35,31728,0.00110312657589511
"NEUR",1996,30,38532,0.00077857365306758
"NEUR",1997,51,38377,0.0013289209682883
"NEUR",1998,39,36497,0.00106858097925857
"NEUR",1999,32,37513,0.000853037613627276
"NEUR",2000,34,38694,0.00087868920246033
"NEUR",2001,61,38631,0.0015790427376977
"NEUR",2002,77,40172,0.00191675794085433
"NEUR",2003,76,41996,0.00180969616153919
"NEUR",2004,75,43186,0.00173667392210439
"NEUR",2005,72,45344,0.0015878616796048
"NEUR",2006,118,48786,0.00241872668388472
"NEUR",2007,85,52093,0.00163169715700766
"NEUR",2008,96,54262,0.00176919391102429
"NEUR",2009,128,59038,0.00216809512517362
"NEUR",2010,144,59610,0.00241570206341218
"NEUR",2011,155,61195,0.00253288667374786
"NEUR",2012,145,64175,0.00225944682508765
"NEUR",2013,179,67057,0.00266937083376829
"NEUR",2014,197,70172,0.00280738756199054
"NEUR",2015,208,72524,0.00286801610501351
"NEUR",2016,230,74060,0.0031055900621118
"NEUR",2017,236,76578,0.00308182506725169
"NEUR",2018,238,79539,0.00299224279912999
"NEUR",2019,230,80028,0.00287399410206428
"NEUR",2020,240,86317,0.00278044881077887
"NEUR",2021,264,101758,0.00259439061302305
"NURS",1960,0,1703,0
"NURS",1961,0,1845,0
"NURS",1962,0,2330,0
"NURS",1963,0,2356,0
"NURS",1964,8,2807,0.00285001781261133
"NURS",1965,1,2831,0.000353232073472271
"NURS",1966,1,3267,0.000306091215182124
"NURS",1967,4,3275,0.00122137404580153
"NURS",1968,0,3763,0
"NURS",1969,5,3755,0.00133155792276964
"NURS",1970,2,3917,0.000510594842992086
"NURS",1971,5,4451,0.00112334306897326
"NURS",1972,2,4874,0.000410340582683627
"NURS",1973,12,5354,0.00224131490474412
"NURS",1974,8,5769,0.00138672213555209
"NURS",1975,15,6223,0.00241041298409127
"NURS",1976,24,7019,0.00341929049722183
"NURS",1977,15,7332,0.00204582651391162
"NURS",1978,30,8569,0.00350099194771852
"NURS",1979,17,8829,0.00192547287348511
"NURS",1980,13,8956,0.00145154086645824
"NURS",1981,35,9802,0.00357069985717201
"NURS",1982,30,10111,0.00296706557214914
"NURS",1983,27,10072,0.00268069896743447
"NURS",1984,34,10759,0.003160144994888
"NURS",1985,38,11583,0.00328066994733661
"NURS",1986,52,12462,0.00417268496228535
"NURS",1987,46,13352,0.00344517675254644
"NURS",1988,62,14003,0.0044276226522888
"NURS",1989,60,15473,0.00387772248432754
"NURS",1990,64,17335,0.00369195269685607
"NURS",1991,63,16905,0.00372670807453416
"NURS",1992,96,18040,0.00532150776053215
"NURS",1993,77,18072,0.00426073483842408
"NURS",1994,87,19157,0.0045414208905361
"NURS",1995,108,20564,0.00525189651818712
"NURS",1996,100,19594,0.00510360314381954
"NURS",1997,120,20499,0.00585394409483389
"NURS",1998,91,21286,0.00427511040120267
"NURS",1999,102,22568,0.00451967387451258
"NURS",2000,114,23575,0.0048356309650053
"NURS",2001,109,24487,0.0044513415281578
"NURS",2002,108,25324,0.004264729110725
"NURS",2003,108,25946,0.00416249132814307
"NURS",2004,118,27327,0.00431807370000366
"NURS",2005,120,30417,0.00394516224479732
"NURS",2006,114,38676,0.00294756438101148
"NURS",2007,139,42989,0.00323338528460769
"NURS",2008,143,44204,0.00323500135734323
"NURS",2009,152,43452,0.00349811286016754
"NURS",2010,138,44737,0.00308469499519413
"NURS",2011,145,47292,0.00306605768417491
"NURS",2012,147,48433,0.00303512068217951
"NURS",2013,170,48432,0.00351007598282128
"NURS",2014,153,49909,0.00306557935442505
"NURS",2015,185,52339,0.0035346491144271
"NURS",2016,192,52082,0.00368649437425598
"NURS",2017,165,53107,0.00310693505564238
"NURS",2018,169,54895,0.00307860460879862
"NURS",2019,130,57447,0.00226295541977823
"NURS",2020,163,64062,0.002544410102713
"NURS",2021,168,77920,0.00215605749486653
"PHAR",1960,0,3666,0
"PHAR",1961,0,4102,0
"PHAR",1962,0,5299,0
"PHAR",1963,0,6270,0
"PHAR",1964,0,7362,0
"PHAR",1965,0,8177,0
"PHAR",1966,0,8640,0
"PHAR",1967,0,9751,0
"PHAR",1968,0,11327,0
"PHAR",1969,0,11767,0
"PHAR",1970,0,11898,0
"PHAR",1971,1,12188,8.2047915982934e-05
"PHAR",1972,0,12830,0
"PHAR",1973,0,16339,0
"PHAR",1974,1,19749,5.06354752139349e-05
"PHAR",1975,0,19966,0
"PHAR",1976,1,21143,4.72969777231235e-05
"PHAR",1977,4,22313,0.000179267691480303
"PHAR",1978,5,24772,0.000201840787986436
"PHAR",1979,6,26348,0.00022772126916654
"PHAR",1980,7,27663,0.000253045584354553
"PHAR",1981,12,29696,0.000404094827586207
"PHAR",1982,15,28834,0.000520219185683568
"PHAR",1983,12,27848,0.000430910657856938
"PHAR",1984,4,29459,0.000135781934213653
"PHAR",1985,3,30084,9.97207818109294e-05
"PHAR",1986,11,31881,0.000345033091810169
"PHAR",1987,9,30439,0.000295673313840796
"PHAR",1988,8,33942,0.000235696187614165
"PHAR",1989,6,36782,0.00016312326681529
"PHAR",1990,10,45859,0.00021805970474716
"PHAR",1991,14,41256,0.000339344580182277
"PHAR",1992,20,43404,0.000460787024237397
"PHAR",1993,32,42673,0.000749888688397816
"PHAR",1994,29,44180,0.000656405613399728
"PHAR",1995,31,44515,0.000696394473772886
"PHAR",1996,19,46358,0.000409853746926097
"PHAR",1997,32,46313,0.000690950704985641
"PHAR",1998,25,45908,0.000544567395660887
"PHAR",1999,32,48249,0.000663226180853489
"PHAR",2000,38,47154,0.000805870127666794
"PHAR",2001,33,47499,0.000694751468451967
"PHAR",2002,50,51395,0.000972857281836754
"PHAR",2003,59,52594,0.00112180096588965
"PHAR",2004,59,56615,0.0010421266448821
"PHAR",2005,73,59989,0.00121688976312324
"PHAR",2006,77,61414,0.00125378578174358
"PHAR",2007,99,67577,0.00146499548663007
"PHAR",2008,93,70061,0.00132741468149184
"PHAR",2009,96,73001,0.00131505047876056
"PHAR",2010,96,79162,0.0012127030646017
"PHAR",2011,126,85529,0.00147318453390078
"PHAR",2012,99,87838,0.00112707484232337
"PHAR",2013,106,88660,0.00119557861493345
"PHAR",2014,93,92356,0.0010069730174542
"PHAR",2015,102,93870,0.00108660914030042
"PHAR",2016,99,99200,0.000997983870967742
"PHAR",2017,92,93126,0.000987908854670017
"PHAR",2018,96,100268,0.000957434076674512
"PHAR",2019,112,100755,0.00111160736439879
"PHAR",2020,121,118862,0.00101798724571352
"PHAR",2021,92,120926,0.000760795858624283
"PHYS",1960,0,11129,0
"PHYS",1961,0,12030,0
"PHYS",1962,0,13129,0
"PHYS",1963,0,14269,0
"PHYS",1964,0,16888,0
"PHYS",1965,0,19677,0
"PHYS",1966,0,22335,0
"PHYS",1967,0,27474,0
"PHYS",1968,0,31248,0
"PHYS",1969,0,34922,0
"PHYS",1970,0,37774,0
"PHYS",1971,0,39662,0
"PHYS",1972,0,41003,0
"PHYS",1973,0,43275,0
"PHYS",1974,0,45923,0
"PHYS",1975,0,45596,0
"PHYS",1976,0,48109,0
"PHYS",1977,0,48231,0
"PHYS",1978,0,50403,0
"PHYS",1979,0,53392,0
"PHYS",1980,0,55633,0
"PHYS",1981,0,59200,0
"PHYS",1982,0,59889,0
"PHYS",1983,0,66067,0
"PHYS",1984,0,68255,0
"PHYS",1985,0,73360,0
"PHYS",1986,0,75575,0
"PHYS",1987,0,80369,0
"PHYS",1988,0,84342,0
"PHYS",1989,0,93669,0
"PHYS",1990,0,100043,0
"PHYS",1991,0,108111,0
"PHYS",1992,0,108532,0
"PHYS",1993,0,126000,0
"PHYS",1994,0,133957,0
"PHYS",1995,0,137147,0
"PHYS",1996,0,156677,0
"PHYS",1997,1,162566,6.15134776029428e-06
"PHYS",1998,0,167109,0
"PHYS",1999,0,170793,0
"PHYS",2000,0,179275,0
"PHYS",2001,0,193633,0
"PHYS",2002,1,203434,4.9155991623819e-06
"PHYS",2003,0,207567,0
"PHYS",2004,1,215137,4.6482009138363e-06
"PHYS",2005,0,248115,0
"PHYS",2006,2,268643,7.44482454409756e-06
"PHYS",2007,1,274804,3.63895722041892e-06
"PHYS",2008,2,280669,7.12583149546263e-06
"PHYS",2009,1,281257,3.55546706393085e-06
"PHYS",2010,1,288387,3.46756268486444e-06
"PHYS",2011,7,304401,2.29959822733828e-05
"PHYS",2012,4,303784,1.31672504147684e-05
"PHYS",2013,0,308571,0
"PHYS",2014,1,314651,3.17812433458022e-06
"PHYS",2015,1,325769,3.06965978960552e-06
"PHYS",2016,2,341437,5.85759598403219e-06
"PHYS",2017,0,365754,0
"PHYS",2018,3,386636,7.75923607734406e-06
"PHYS",2019,2,409078,4.88904316536211e-06
"PHYS",2020,6,401710,1.49361479674392e-05
"PHYS",2021,8,416095,1.92263785914274e-05
"PSYC",1960,0,2604,0
"PSYC",1961,0,3264,0
"PSYC",1962,0,3409,0
"PSYC",1963,0,3758,0
"PSYC",1964,2,4604,0.000434404865334492
"PSYC",1965,1,5463,0.000183049606443346
"PSYC",1966,1,5533,0.000180733779143322
"PSYC",1967,4,5986,0.000668225860340795
"PSYC",1968,2,6778,0.000295072292711714
"PSYC",1969,1,6495,0.000153964588144727
"PSYC",1970,4,7163,0.000558425240820885
"PSYC",1971,7,7872,0.000889227642276423
"PSYC",1972,5,8284,0.000603573153066152
"PSYC",1973,6,9436,0.000635862653666808
"PSYC",1974,22,10109,0.00217627856365615
"PSYC",1975,21,10278,0.00204319906596614
"PSYC",1976,34,10873,0.0031270118642509
"PSYC",1977,80,11216,0.00713266761768902
"PSYC",1978,47,12357,0.00380351217933155
"PSYC",1979,125,12963,0.00964282959191545
"PSYC",1980,76,12985,0.0058529072006161
"PSYC",1981,99,13488,0.00733985765124555
"PSYC",1982,109,14125,0.00771681415929204
"PSYC",1983,111,14475,0.00766839378238342
"PSYC",1984,131,14974,0.00874849739548551
"PSYC",1985,155,15396,0.0100675500129904
"PSYC",1986,198,15861,0.0124834499716285
"PSYC",1987,206,15945,0.0129194104735027
"PSYC",1988,272,17495,0.015547299228351
"PSYC",1989,230,18499,0.0124331044921347
"PSYC",1990,281,19426,0.0144651497992381
"PSYC",1991,358,19027,0.0188153676354654
"PSYC",1992,385,19842,0.0194032859590767
"PSYC",1993,414,20503,0.0201921669999512
"PSYC",1994,530,21393,0.0247744589351657
"PSYC",1995,570,22209,0.0256652708361475
"PSYC",1996,518,24885,0.0208157524613221
"PSYC",1997,569,25278,0.022509692222486
"PSYC",1998,540,25098,0.0215156586182166
"PSYC",1999,637,26241,0.0242749895202165
"PSYC",2000,657,27663,0.0237501355601345
"PSYC",2001,621,29141,0.021310181531176
"PSYC",2002,681,30300,0.0224752475247525
"PSYC",2003,693,33521,0.0206736075892724
"PSYC",2004,728,35558,0.0204735924405197
"PSYC",2005,798,36090,0.0221113881961762
"PSYC",2006,847,39135,0.0216430305353264
"PSYC",2007,866,41335,0.0209507681141889
"PSYC",2008,820,46154,0.0177666074446419
"PSYC",2009,942,48272,0.0195144182963208
"PSYC",2010,1008,53424,0.0188679245283019
"PSYC",2011,1018,59132,0.0172157207603328
"PSYC",2012,1052,65403,0.0160848890723667
"PSYC",2013,1148,68378,0.0167890257100237
"PSYC",2014,1200,69884,0.0171713124606491
"PSYC",2015,1160,70269,0.0165079907213707
"PSYC",2016,1173,72960,0.0160773026315789
"PSYC",2017,1247,76285,0.0163465950055712
"PSYC",2018,1317,81581,0.0161434647773379
"PSYC",2019,1214,79697,0.0152326938278731
"PSYC",2020,1394,84468,0.0165032911871952
"PSYC",2021,1716,104143,0.0164773436524778
"SOCI",1960,0,8135,0
"SOCI",1961,0,8266,0
"SOCI",1962,0,9005,0
"SOCI",1963,0,9005,0
"SOCI",1964,6,10101,0.000594000594000594
"SOCI",1965,2,10690,0.000187090739008419
"SOCI",1966,5,11210,0.000446030330062444
"SOCI",1967,5,12488,0.000400384368994234
"SOCI",1968,1,13116,7.62427569380909e-05
"SOCI",1969,3,14489,0.000207053626889364
"SOCI",1970,2,15129,0.000132196443915659
"SOCI",1971,0,16175,0
"SOCI",1972,1,17431,5.7369055131662e-05
"SOCI",1973,9,19115,0.000470834423227832
"SOCI",1974,17,20723,0.000820344544708778
"SOCI",1975,26,21653,0.00120075740082206
"SOCI",1976,43,22907,0.00187715545466451
"SOCI",1977,34,24522,0.00138651007258788
"SOCI",1978,40,26386,0.00151595543091033
"SOCI",1979,41,28849,0.00142119310894658
"SOCI",1980,44,30276,0.00145329634033558
"SOCI",1981,25,32069,0.000779569054226823
"SOCI",1982,59,34716,0.00169950455121558
"SOCI",1983,41,36211,0.00113225263041617
"SOCI",1984,81,38201,0.00212036334127379
"SOCI",1985,63,38172,0.00165042439484439
"SOCI",1986,119,39570,0.00300732878443265
"SOCI",1987,89,41622,0.00213829224929124
"SOCI",1988,124,43585,0.00284501548697947
"SOCI",1989,118,45628,0.00258613132287192
"SOCI",1990,154,47879,0.00321644144614549
"SOCI",1991,205,49308,0.0041575403585625
"SOCI",1992,171,50858,0.00336230288253569
"SOCI",1993,197,53948,0.00365166456587825
"SOCI",1994,262,55968,0.00468124642652945
"SOCI",1995,223,58857,0.00378884414767997
"SOCI",1996,242,66375,0.00364595103578154
"SOCI",1997,249,67294,0.00370018129402324
"SOCI",1998,251,71038,0.0035333201948253
"SOCI",1999,253,71216,0.00355257245562795
"SOCI",2000,265,78257,0.00338627854377244
"SOCI",2001,261,81367,0.00320768862069389
"SOCI",2002,337,93549,0.00360239019123668
"SOCI",2003,384,107597,0.00356887273808749
"SOCI",2004,359,113001,0.00317696303572535
"SOCI",2005,375,130318,0.00287757639006123
"SOCI",2006,395,147084,0.00268554023551168
"SOCI",2007,420,164257,0.00255696865278192
"SOCI",2008,510,186424,0.0027356992661889
"SOCI",2009,522,206501,0.00252783279499857
"SOCI",2010,604,221556,0.00272617306685443
"SOCI",2011,567,243400,0.00232949876746097
"SOCI",2012,685,264395,0.00259082055258231
"SOCI",2013,741,284666,0.00260305059262434
"SOCI",2014,725,282100,0.00257001063452676
"SOCI",2015,734,296921,0.00247203801684623
"SOCI",2016,772,314403,0.00245544730807276
"SOCI",2017,815,331133,0.00246124668939671
"SOCI",2018,773,341765,0.00226178807075037
"SOCI",2019,799,358090,0.00223128263844285
"SOCI",2020,880,374418,0.00235031435454492
"SOCI",2021,943,391567,0.00240827240293487
"VETE",1960,0,618,0
"VETE",1961,0,681,0
"VETE",1962,0,683,0
"VETE",1963,0,831,0
"VETE",1964,0,900,0
"VETE",1965,0,1976,0
"VETE",1966,0,1978,0
"VETE",1967,0,2207,0
"VETE",1968,0,2215,0
"VETE",1969,0,2893,0
"VETE",1970,0,3095,0
"VETE",1971,0,3392,0
"VETE",1972,0,3603,0
"VETE",1973,0,4052,0
"VETE",1974,0,4173,0
"VETE",1975,0,4408,0
"VETE",1976,0,4314,0
"VETE",1977,0,4900,0
"VETE",1978,0,5122,0
"VETE",1979,1,5350,0.000186915887850467
"VETE",1980,0,4906,0
"VETE",1981,2,5146,0.000388651379712398
"VETE",1982,2,5200,0.000384615384615385
"VETE",1983,0,5252,0
"VETE",1984,0,5665,0
"VETE",1985,0,5692,0
"VETE",1986,0,6348,0
"VETE",1987,0,6435,0
"VETE",1988,1,6727,0.000148654675189535
"VETE",1989,2,7123,0.000280780569984557
"VETE",1990,2,7144,0.000279955207166853
"VETE",1991,0,7507,0
"VETE",1992,1,7737,0.000129249062944294
"VETE",1993,1,7968,0.000125502008032129
"VETE",1994,4,8014,0.000499126528574994
"VETE",1995,1,8194,0.000122040517451794
"VETE",1996,0,11443,0
"VETE",1997,1,11028,9.06782734856728e-05
"VETE",1998,3,11727,0.000255819902788437
"VETE",1999,8,11961,0.000668840397960037
"VETE",2000,2,12205,0.000163867267513314
"VETE",2001,3,12841,0.000233626664589985
"VETE",2002,3,14219,0.000210985301357339
"VETE",2003,5,15435,0.000323939099449304
"VETE",2004,6,16058,0.000373645534935858
"VETE",2005,3,16208,0.000185093780848963
"VETE",2006,2,18191,0.000109944478038591
"VETE",2007,2,19205,0.000104139546992971
"VETE",2008,2,21841,9.15708987683714e-05
"VETE",2009,1,22697,4.40586861699784e-05
"VETE",2010,4,23189,0.000172495579800768
"VETE",2011,4,24883,0.000160752320861632
"VETE",2012,3,26480,0.000113293051359517
"VETE",2013,1,26022,3.84290215971101e-05
"VETE",2014,2,24491,8.1662651586297e-05
"VETE",2015,3,23243,0.000129071118186121
"VETE",2016,3,22529,0.000133161702694305
"VETE",2017,6,24098,0.000248983318117686
"VETE",2018,2,25235,7.92550029720626e-05
"VETE",2019,3,25788,0.000116333178222429
"VETE",2020,6,28917,0.000207490403568835
"VETE",2021,3,31705,9.46222993218735e-05
"MULT",1960,0,5384,0
"MULT",1961,0,5424,0
"MULT",1962,0,5775,0
"MULT",1963,0,6546,0
"MULT",1964,0,7226,0
"MULT",1965,0,7053,0
"MULT",1966,0,7206,0
"MULT",1967,0,7101,0
"MULT",1968,0,6928,0
"MULT",1969,0,7024,0
"MULT",1970,0,7608,0
"MULT",1971,2,5857,0.000341471743213249
"MULT",1972,0,5509,0
"MULT",1973,0,5883,0
"MULT",1974,1,6450,0.000155038759689922
"MULT",1975,3,6160,0.000487012987012987
"MULT",1976,0,5923,0
"MULT",1977,0,6221,0
"MULT",1978,0,6649,0
"MULT",1979,0,6656,0
"MULT",1980,0,6586,0
"MULT",1981,0,7086,0
"MULT",1982,0,7110,0
"MULT",1983,1,7486,0.000133582687683676
"MULT",1984,2,7432,0.000269106566200215
"MULT",1985,2,7192,0.000278086763070078
"MULT",1986,1,7877,0.000126951885235496
"MULT",1987,0,7820,0
"MULT",1988,2,8417,0.000237614351906855
"MULT",1989,2,7693,0.000259976602105811
"MULT",1990,1,7982,0.000125281884239539
"MULT",1991,0,7900,0
"MULT",1992,1,8846,0.000113045444268596
"MULT",1993,1,9130,0.000109529025191676
"MULT",1994,1,9307,0.000107446008380789
"MULT",1995,2,9174,0.000218007412252017
"MULT",1996,0,13410,0
"MULT",1997,0,14502,0
"MULT",1998,2,14318,0.000139684313451599
"MULT",1999,2,14581,0.000137164803511419
"MULT",2000,1,13036,7.67106474378644e-05
"MULT",2001,3,16192,0.000185276679841897
"MULT",2002,7,14781,0.000473580948514985
"MULT",2003,6,15062,0.000398353472314434
"MULT",2004,5,16732,0.000298828591919675
"MULT",2005,7,19349,0.000361775802367047
"MULT",2006,1,19453,5.14059528093353e-05
"MULT",2007,3,21175,0.000141676505312869
"MULT",2008,2,23450,8.52878464818763e-05
"MULT",2009,4,26441,0.000151280208766688
"MULT",2010,15,29474,0.000508923118680871
"MULT",2011,16,38318,0.000417558327678898
"MULT",2012,29,48767,0.000594664424713433
"MULT",2013,45,61080,0.000736738703339882
"MULT",2014,41,59528,0.000688751511893563
"MULT",2015,60,65739,0.000912700223611555
"MULT",2016,42,72912,0.000576036866359447
"MULT",2017,41,72527,0.00056530671336192
"MULT",2018,60,64975,0.000923432089265102
"MULT",2019,58,66503,0.000872141106416252
"MULT",2020,74,71691,0.00103220766902401
"MULT",2021,56,74848,0.000748182984181274
