"field","year","total"
"AGRI",1900,118
"AGRI",1901,119
"AGRI",1902,73
"AGRI",1903,126
"AGRI",1904,124
"AGRI",1905,120
"AGRI",1906,117
"AGRI",1907,182
"AGRI",1908,195
"AGRI",1909,186
"AGRI",1910,223
"AGRI",1911,205
"AGRI",1912,217
"AGRI",1913,179
"AGRI",1914,238
"AGRI",1915,204
"AGRI",1916,290
"AGRI",1917,323
"AGRI",1918,284
"AGRI",1919,300
"AGRI",1920,319
"AGRI",1921,339
"AGRI",1922,316
"AGRI",1923,348
"AGRI",1924,369
"AGRI",1925,340
"AGRI",1926,387
"AGRI",1927,460
"AGRI",1928,511
"AGRI",1929,537
"AGRI",1930,555
"AGRI",1931,538
"AGRI",1932,595
"AGRI",1933,582
"AGRI",1934,603
"AGRI",1935,704
"AGRI",1936,763
"AGRI",1937,808
"AGRI",1938,726
"AGRI",1939,713
"AGRI",1940,704
"AGRI",1941,711
"AGRI",1942,626
"AGRI",1943,687
"AGRI",1944,649
"AGRI",1945,676
"AGRI",1946,648
"AGRI",1947,723
"AGRI",1948,648
"AGRI",1949,866
"AGRI",1950,722
"AGRI",1951,833
"AGRI",1952,788
"AGRI",1953,1084
"AGRI",1954,1226
"AGRI",1955,1204
"AGRI",1956,1280
"AGRI",1957,1370
"AGRI",1958,1496
"AGRI",1959,1465
"AGRI",1960,1469
"AGRI",1961,1792
"AGRI",1962,1916
"AGRI",1963,1995
"AGRI",1964,2118
"AGRI",1965,2582
"AGRI",1966,2716
"AGRI",1967,3000
"AGRI",1968,3293
"AGRI",1969,3726
"AGRI",1970,4118
"AGRI",1971,4383
"AGRI",1972,4580
"AGRI",1973,5680
"AGRI",1974,6154
"AGRI",1975,6117
"AGRI",1976,7134
"AGRI",1977,7125
"AGRI",1978,7022
"AGRI",1979,7733
"AGRI",1980,7518
"AGRI",1981,8060
"AGRI",1982,9613
"AGRI",1983,9744
"AGRI",1984,10450
"AGRI",1985,10905
"AGRI",1986,10755
"AGRI",1987,11210
"AGRI",1988,12831
"AGRI",1989,14444
"AGRI",1990,15409
"AGRI",1991,15757
"AGRI",1992,15217
"AGRI",1993,16233
"AGRI",1994,19621
"AGRI",1995,18916
"AGRI",1996,23652
"AGRI",1997,24692
"AGRI",1998,24048
"AGRI",1999,24148
"AGRI",2000,24819
"AGRI",2001,25259
"AGRI",2002,26750
"AGRI",2003,29466
"AGRI",2004,30572
"AGRI",2005,32609
"AGRI",2006,33907
"AGRI",2007,35902
"AGRI",2008,37160
"AGRI",2009,38378
"AGRI",2010,39655
"AGRI",2011,42065
"AGRI",2012,46956
"AGRI",2013,48599
"AGRI",2014,47603
"AGRI",2015,51551
"AGRI",2016,47125
"AGRI",2017,47447
"AGRI",2018,48265
"AGRI",2019,47310
"AGRI",2020,46730
"AGRI",2021,48720
"ARTS",1900,45
"ARTS",1901,72
"ARTS",1902,48
"ARTS",1903,58
"ARTS",1904,75
"ARTS",1905,97
"ARTS",1906,128
"ARTS",1907,103
"ARTS",1908,161
"ARTS",1909,194
"ARTS",1910,199
"ARTS",1911,178
"ARTS",1912,242
"ARTS",1913,192
"ARTS",1914,230
"ARTS",1915,242
"ARTS",1916,225
"ARTS",1917,201
"ARTS",1918,176
"ARTS",1919,286
"ARTS",1920,284
"ARTS",1921,258
"ARTS",1922,289
"ARTS",1923,321
"ARTS",1924,379
"ARTS",1925,362
"ARTS",1926,337
"ARTS",1927,421
"ARTS",1928,453
"ARTS",1929,499
"ARTS",1930,738
"ARTS",1931,717
"ARTS",1932,747
"ARTS",1933,674
"ARTS",1934,746
"ARTS",1935,727
"ARTS",1936,826
"ARTS",1937,959
"ARTS",1938,974
"ARTS",1939,947
"ARTS",1940,949
"ARTS",1941,909
"ARTS",1942,901
"ARTS",1943,866
"ARTS",1944,792
"ARTS",1945,804
"ARTS",1946,991
"ARTS",1947,1062
"ARTS",1948,1123
"ARTS",1949,1198
"ARTS",1950,1412
"ARTS",1951,1411
"ARTS",1952,1265
"ARTS",1953,1410
"ARTS",1954,1575
"ARTS",1955,1692
"ARTS",1956,1762
"ARTS",1957,1948
"ARTS",1958,2178
"ARTS",1959,2558
"ARTS",1960,2643
"ARTS",1961,2439
"ARTS",1962,2631
"ARTS",1963,3033
"ARTS",1964,3147
"ARTS",1965,3133
"ARTS",1966,3197
"ARTS",1967,3229
"ARTS",1968,3657
"ARTS",1969,3957
"ARTS",1970,4363
"ARTS",1971,4431
"ARTS",1972,4799
"ARTS",1973,5259
"ARTS",1974,5827
"ARTS",1975,5903
"ARTS",1976,5972
"ARTS",1977,6194
"ARTS",1978,6105
"ARTS",1979,5965
"ARTS",1980,6570
"ARTS",1981,6744
"ARTS",1982,6982
"ARTS",1983,6901
"ARTS",1984,7409
"ARTS",1985,7259
"ARTS",1986,7793
"ARTS",1987,8396
"ARTS",1988,8641
"ARTS",1989,9076
"ARTS",1990,9319
"ARTS",1991,9295
"ARTS",1992,9457
"ARTS",1993,9820
"ARTS",1994,9811
"ARTS",1995,9716
"ARTS",1996,9366
"ARTS",1997,9607
"ARTS",1998,9654
"ARTS",1999,10109
"ARTS",2000,11010
"ARTS",2001,10840
"ARTS",2002,12793
"ARTS",2003,15766
"ARTS",2004,17369
"ARTS",2005,18634
"ARTS",2006,19978
"ARTS",2007,22788
"ARTS",2008,22928
"ARTS",2009,31556
"ARTS",2010,34150
"ARTS",2011,34832
"ARTS",2012,38354
"ARTS",2013,41098
"ARTS",2014,39406
"ARTS",2015,40142
"ARTS",2016,40187
"ARTS",2017,41430
"ARTS",2018,38671
"ARTS",2019,35796
"ARTS",2020,32537
"ARTS",2021,34476
"BIOC",1900,173
"BIOC",1901,181
"BIOC",1902,147
"BIOC",1903,220
"BIOC",1904,226
"BIOC",1905,279
"BIOC",1906,301
"BIOC",1907,517
"BIOC",1908,482
"BIOC",1909,416
"BIOC",1910,397
"BIOC",1911,498
"BIOC",1912,492
"BIOC",1913,418
"BIOC",1914,476
"BIOC",1915,529
"BIOC",1916,554
"BIOC",1917,589
"BIOC",1918,492
"BIOC",1919,552
"BIOC",1920,665
"BIOC",1921,754
"BIOC",1922,833
"BIOC",1923,919
"BIOC",1924,874
"BIOC",1925,1026
"BIOC",1926,1091
"BIOC",1927,1105
"BIOC",1928,1215
"BIOC",1929,1282
"BIOC",1930,1759
"BIOC",1931,1609
"BIOC",1932,1809
"BIOC",1933,1817
"BIOC",1934,1806
"BIOC",1935,1970
"BIOC",1936,1952
"BIOC",1937,1952
"BIOC",1938,2060
"BIOC",1939,2484
"BIOC",1940,2586
"BIOC",1941,2599
"BIOC",1942,2332
"BIOC",1943,1786
"BIOC",1944,1630
"BIOC",1945,1719
"BIOC",1946,1971
"BIOC",1947,2089
"BIOC",1948,2578
"BIOC",1949,3053
"BIOC",1950,3475
"BIOC",1951,4153
"BIOC",1952,4133
"BIOC",1953,4100
"BIOC",1954,4170
"BIOC",1955,4538
"BIOC",1956,4140
"BIOC",1957,4625
"BIOC",1958,4689
"BIOC",1959,5312
"BIOC",1960,5314
"BIOC",1961,5223
"BIOC",1962,5833
"BIOC",1963,6524
"BIOC",1964,7796
"BIOC",1965,8737
"BIOC",1966,9475
"BIOC",1967,10589
"BIOC",1968,11942
"BIOC",1969,12739
"BIOC",1970,13721
"BIOC",1971,15295
"BIOC",1972,16126
"BIOC",1973,21204
"BIOC",1974,22956
"BIOC",1975,24379
"BIOC",1976,25446
"BIOC",1977,26802
"BIOC",1978,28332
"BIOC",1979,29506
"BIOC",1980,30934
"BIOC",1981,32662
"BIOC",1982,33455
"BIOC",1983,31949
"BIOC",1984,35109
"BIOC",1985,36215
"BIOC",1986,37111
"BIOC",1987,38216
"BIOC",1988,42196
"BIOC",1989,44441
"BIOC",1990,48265
"BIOC",1991,50015
"BIOC",1992,50568
"BIOC",1993,52995
"BIOC",1994,56275
"BIOC",1995,55670
"BIOC",1996,66302
"BIOC",1997,63881
"BIOC",1998,61336
"BIOC",1999,60064
"BIOC",2000,59950
"BIOC",2001,61492
"BIOC",2002,63133
"BIOC",2003,67111
"BIOC",2004,70901
"BIOC",2005,73136
"BIOC",2006,77439
"BIOC",2007,79873
"BIOC",2008,78905
"BIOC",2009,83411
"BIOC",2010,84445
"BIOC",2011,88192
"BIOC",2012,94292
"BIOC",2013,97116
"BIOC",2014,92441
"BIOC",2015,92200
"BIOC",2016,88970
"BIOC",2017,89782
"BIOC",2018,90884
"BIOC",2019,90257
"BIOC",2020,91055
"BIOC",2021,98113
"BUSI",1900,0
"BUSI",1901,0
"BUSI",1902,0
"BUSI",1903,0
"BUSI",1904,0
"BUSI",1905,1
"BUSI",1906,0
"BUSI",1907,0
"BUSI",1908,1
"BUSI",1909,1
"BUSI",1910,0
"BUSI",1911,1
"BUSI",1912,3
"BUSI",1913,4
"BUSI",1914,3
"BUSI",1915,0
"BUSI",1916,9
"BUSI",1917,4
"BUSI",1918,14
"BUSI",1919,17
"BUSI",1920,20
"BUSI",1921,7
"BUSI",1922,0
"BUSI",1923,2
"BUSI",1924,4
"BUSI",1925,4
"BUSI",1926,3
"BUSI",1927,1
"BUSI",1928,3
"BUSI",1929,0
"BUSI",1930,0
"BUSI",1931,0
"BUSI",1932,3
"BUSI",1933,0
"BUSI",1934,1
"BUSI",1935,5
"BUSI",1936,24
"BUSI",1937,74
"BUSI",1938,71
"BUSI",1939,71
"BUSI",1940,73
"BUSI",1941,44
"BUSI",1942,24
"BUSI",1943,47
"BUSI",1944,47
"BUSI",1945,62
"BUSI",1946,54
"BUSI",1947,69
"BUSI",1948,53
"BUSI",1949,41
"BUSI",1950,54
"BUSI",1951,99
"BUSI",1952,107
"BUSI",1953,108
"BUSI",1954,145
"BUSI",1955,128
"BUSI",1956,121
"BUSI",1957,189
"BUSI",1958,191
"BUSI",1959,263
"BUSI",1960,224
"BUSI",1961,249
"BUSI",1962,313
"BUSI",1963,317
"BUSI",1964,374
"BUSI",1965,341
"BUSI",1966,396
"BUSI",1967,480
"BUSI",1968,467
"BUSI",1969,602
"BUSI",1970,691
"BUSI",1971,805
"BUSI",1972,881
"BUSI",1973,990
"BUSI",1974,1189
"BUSI",1975,1117
"BUSI",1976,1205
"BUSI",1977,1292
"BUSI",1978,1388
"BUSI",1979,1448
"BUSI",1980,1720
"BUSI",1981,1994
"BUSI",1982,2107
"BUSI",1983,2213
"BUSI",1984,2399
"BUSI",1985,2654
"BUSI",1986,2896
"BUSI",1987,3233
"BUSI",1988,3957
"BUSI",1989,4511
"BUSI",1990,4446
"BUSI",1991,4869
"BUSI",1992,5352
"BUSI",1993,5457
"BUSI",1994,5492
"BUSI",1995,6054
"BUSI",1996,7837
"BUSI",1997,7616
"BUSI",1998,7848
"BUSI",1999,7327
"BUSI",2000,7893
"BUSI",2001,8443
"BUSI",2002,9670
"BUSI",2003,11887
"BUSI",2004,12094
"BUSI",2005,14288
"BUSI",2006,15050
"BUSI",2007,14375
"BUSI",2008,14230
"BUSI",2009,17306
"BUSI",2010,17632
"BUSI",2011,17812
"BUSI",2012,18480
"BUSI",2013,20239
"BUSI",2014,20096
"BUSI",2015,20484
"BUSI",2016,20891
"BUSI",2017,21112
"BUSI",2018,20026
"BUSI",2019,19408
"BUSI",2020,19100
"BUSI",2021,20509
"CENG",1900,87
"CENG",1901,81
"CENG",1902,110
"CENG",1903,117
"CENG",1904,136
"CENG",1905,132
"CENG",1906,170
"CENG",1907,187
"CENG",1908,219
"CENG",1909,165
"CENG",1910,173
"CENG",1911,221
"CENG",1912,192
"CENG",1913,192
"CENG",1914,215
"CENG",1915,269
"CENG",1916,286
"CENG",1917,271
"CENG",1918,206
"CENG",1919,210
"CENG",1920,299
"CENG",1921,358
"CENG",1922,400
"CENG",1923,467
"CENG",1924,383
"CENG",1925,476
"CENG",1926,507
"CENG",1927,460
"CENG",1928,492
"CENG",1929,533
"CENG",1930,833
"CENG",1931,701
"CENG",1932,792
"CENG",1933,986
"CENG",1934,994
"CENG",1935,947
"CENG",1936,885
"CENG",1937,895
"CENG",1938,981
"CENG",1939,1133
"CENG",1940,1112
"CENG",1941,1166
"CENG",1942,1085
"CENG",1943,887
"CENG",1944,899
"CENG",1945,986
"CENG",1946,1265
"CENG",1947,1258
"CENG",1948,1764
"CENG",1949,1788
"CENG",1950,2188
"CENG",1951,2550
"CENG",1952,2617
"CENG",1953,2532
"CENG",1954,2531
"CENG",1955,2672
"CENG",1956,2168
"CENG",1957,2379
"CENG",1958,2303
"CENG",1959,2418
"CENG",1960,2420
"CENG",1961,2334
"CENG",1962,2698
"CENG",1963,2612
"CENG",1964,2986
"CENG",1965,3170
"CENG",1966,3669
"CENG",1967,4318
"CENG",1968,4362
"CENG",1969,4546
"CENG",1970,4753
"CENG",1971,4604
"CENG",1972,4794
"CENG",1973,4486
"CENG",1974,4162
"CENG",1975,4017
"CENG",1976,4091
"CENG",1977,4309
"CENG",1978,4360
"CENG",1979,4422
"CENG",1980,5296
"CENG",1981,4951
"CENG",1982,4846
"CENG",1983,5205
"CENG",1984,5233
"CENG",1985,5332
"CENG",1986,5134
"CENG",1987,5444
"CENG",1988,7116
"CENG",1989,7827
"CENG",1990,7476
"CENG",1991,8372
"CENG",1992,8389
"CENG",1993,8915
"CENG",1994,8801
"CENG",1995,8687
"CENG",1996,11404
"CENG",1997,11543
"CENG",1998,11259
"CENG",1999,10495
"CENG",2000,11999
"CENG",2001,10816
"CENG",2002,12046
"CENG",2003,12896
"CENG",2004,13614
"CENG",2005,16236
"CENG",2006,16695
"CENG",2007,18101
"CENG",2008,18598
"CENG",2009,19143
"CENG",2010,19663
"CENG",2011,24126
"CENG",2012,19945
"CENG",2013,21959
"CENG",2014,21036
"CENG",2015,22360
"CENG",2016,21593
"CENG",2017,23178
"CENG",2018,22985
"CENG",2019,23827
"CENG",2020,24138
"CENG",2021,23331
"CHEM",1900,123
"CHEM",1901,109
"CHEM",1902,143
"CHEM",1903,158
"CHEM",1904,176
"CHEM",1905,196
"CHEM",1906,203
"CHEM",1907,240
"CHEM",1908,249
"CHEM",1909,339
"CHEM",1910,328
"CHEM",1911,421
"CHEM",1912,444
"CHEM",1913,509
"CHEM",1914,580
"CHEM",1915,653
"CHEM",1916,658
"CHEM",1917,576
"CHEM",1918,454
"CHEM",1919,520
"CHEM",1920,693
"CHEM",1921,594
"CHEM",1922,551
"CHEM",1923,775
"CHEM",1924,697
"CHEM",1925,944
"CHEM",1926,1022
"CHEM",1927,1053
"CHEM",1928,1152
"CHEM",1929,1316
"CHEM",1930,1703
"CHEM",1931,1576
"CHEM",1932,1665
"CHEM",1933,1824
"CHEM",1934,1819
"CHEM",1935,1707
"CHEM",1936,1779
"CHEM",1937,1929
"CHEM",1938,1970
"CHEM",1939,2232
"CHEM",1940,2336
"CHEM",1941,2065
"CHEM",1942,1892
"CHEM",1943,1471
"CHEM",1944,1490
"CHEM",1945,1554
"CHEM",1946,1876
"CHEM",1947,1917
"CHEM",1948,2670
"CHEM",1949,2968
"CHEM",1950,3376
"CHEM",1951,4031
"CHEM",1952,4390
"CHEM",1953,4482
"CHEM",1954,4660
"CHEM",1955,4762
"CHEM",1956,4893
"CHEM",1957,5400
"CHEM",1958,5341
"CHEM",1959,6042
"CHEM",1960,5996
"CHEM",1961,6608
"CHEM",1962,7491
"CHEM",1963,7775
"CHEM",1964,8824
"CHEM",1965,9485
"CHEM",1966,9821
"CHEM",1967,11247
"CHEM",1968,12233
"CHEM",1969,12043
"CHEM",1970,12999
"CHEM",1971,12729
"CHEM",1972,13115
"CHEM",1973,12778
"CHEM",1974,12549
"CHEM",1975,12182
"CHEM",1976,12409
"CHEM",1977,12919
"CHEM",1978,12815
"CHEM",1979,13296
"CHEM",1980,14212
"CHEM",1981,14732
"CHEM",1982,14589
"CHEM",1983,14897
"CHEM",1984,15479
"CHEM",1985,15660
"CHEM",1986,16473
"CHEM",1987,16673
"CHEM",1988,18284
"CHEM",1989,19193
"CHEM",1990,19964
"CHEM",1991,20926
"CHEM",1992,20761
"CHEM",1993,22305
"CHEM",1994,21938
"CHEM",1995,21684
"CHEM",1996,24306
"CHEM",1997,23628
"CHEM",1998,24208
"CHEM",1999,23979
"CHEM",2000,24615
"CHEM",2001,24829
"CHEM",2002,27944
"CHEM",2003,27118
"CHEM",2004,29651
"CHEM",2005,31646
"CHEM",2006,33783
"CHEM",2007,35141
"CHEM",2008,36168
"CHEM",2009,33794
"CHEM",2010,35441
"CHEM",2011,37659
"CHEM",2012,36347
"CHEM",2013,38318
"CHEM",2014,38364
"CHEM",2015,40057
"CHEM",2016,39398
"CHEM",2017,40712
"CHEM",2018,41249
"CHEM",2019,42370
"CHEM",2020,42255
"CHEM",2021,41878
"COMP",1900,1
"COMP",1901,1
"COMP",1902,4
"COMP",1903,5
"COMP",1904,7
"COMP",1905,12
"COMP",1906,9
"COMP",1907,8
"COMP",1908,3
"COMP",1909,7
"COMP",1910,13
"COMP",1911,34
"COMP",1912,30
"COMP",1913,12
"COMP",1914,24
"COMP",1915,34
"COMP",1916,29
"COMP",1917,34
"COMP",1918,30
"COMP",1919,35
"COMP",1920,44
"COMP",1921,29
"COMP",1922,36
"COMP",1923,36
"COMP",1924,29
"COMP",1925,41
"COMP",1926,36
"COMP",1927,40
"COMP",1928,13
"COMP",1929,39
"COMP",1930,26
"COMP",1931,21
"COMP",1932,37
"COMP",1933,41
"COMP",1934,26
"COMP",1935,30
"COMP",1936,35
"COMP",1937,36
"COMP",1938,39
"COMP",1939,44
"COMP",1940,57
"COMP",1941,45
"COMP",1942,48
"COMP",1943,48
"COMP",1944,42
"COMP",1945,56
"COMP",1946,39
"COMP",1947,46
"COMP",1948,58
"COMP",1949,59
"COMP",1950,53
"COMP",1951,96
"COMP",1952,122
"COMP",1953,203
"COMP",1954,232
"COMP",1955,230
"COMP",1956,350
"COMP",1957,360
"COMP",1958,505
"COMP",1959,595
"COMP",1960,612
"COMP",1961,998
"COMP",1962,1027
"COMP",1963,993
"COMP",1964,1215
"COMP",1965,1399
"COMP",1966,1537
"COMP",1967,1702
"COMP",1968,1511
"COMP",1969,1676
"COMP",1970,1640
"COMP",1971,2249
"COMP",1972,2560
"COMP",1973,2749
"COMP",1974,3128
"COMP",1975,3269
"COMP",1976,4019
"COMP",1977,4036
"COMP",1978,4006
"COMP",1979,4471
"COMP",1980,4481
"COMP",1981,4679
"COMP",1982,5294
"COMP",1983,5372
"COMP",1984,5779
"COMP",1985,6359
"COMP",1986,7909
"COMP",1987,8921
"COMP",1988,11995
"COMP",1989,12872
"COMP",1990,15201
"COMP",1991,15461
"COMP",1992,18994
"COMP",1993,21701
"COMP",1994,23683
"COMP",1995,23997
"COMP",1996,27239
"COMP",1997,26949
"COMP",1998,30341
"COMP",1999,29802
"COMP",2000,29162
"COMP",2001,30431
"COMP",2002,35413
"COMP",2003,38886
"COMP",2004,38040
"COMP",2005,43335
"COMP",2006,49718
"COMP",2007,49776
"COMP",2008,53151
"COMP",2009,57657
"COMP",2010,58853
"COMP",2011,59384
"COMP",2012,60283
"COMP",2013,62030
"COMP",2014,62433
"COMP",2015,65680
"COMP",2016,68432
"COMP",2017,70352
"COMP",2018,74836
"COMP",2019,81330
"COMP",2020,74288
"COMP",2021,61293
"DECI",1900,2
"DECI",1901,0
"DECI",1902,1
"DECI",1903,0
"DECI",1904,1
"DECI",1905,1
"DECI",1906,0
"DECI",1907,10
"DECI",1908,6
"DECI",1909,8
"DECI",1910,12
"DECI",1911,15
"DECI",1912,8
"DECI",1913,13
"DECI",1914,18
"DECI",1915,24
"DECI",1916,22
"DECI",1917,16
"DECI",1918,9
"DECI",1919,3
"DECI",1920,25
"DECI",1921,29
"DECI",1922,19
"DECI",1923,17
"DECI",1924,15
"DECI",1925,21
"DECI",1926,21
"DECI",1927,18
"DECI",1928,17
"DECI",1929,19
"DECI",1930,15
"DECI",1931,11
"DECI",1932,17
"DECI",1933,24
"DECI",1934,20
"DECI",1935,22
"DECI",1936,18
"DECI",1937,30
"DECI",1938,21
"DECI",1939,23
"DECI",1940,11
"DECI",1941,29
"DECI",1942,28
"DECI",1943,22
"DECI",1944,26
"DECI",1945,26
"DECI",1946,21
"DECI",1947,48
"DECI",1948,31
"DECI",1949,19
"DECI",1950,19
"DECI",1951,41
"DECI",1952,17
"DECI",1953,15
"DECI",1954,21
"DECI",1955,24
"DECI",1956,28
"DECI",1957,26
"DECI",1958,26
"DECI",1959,29
"DECI",1960,70
"DECI",1961,75
"DECI",1962,69
"DECI",1963,111
"DECI",1964,95
"DECI",1965,87
"DECI",1966,107
"DECI",1967,175
"DECI",1968,259
"DECI",1969,279
"DECI",1970,429
"DECI",1971,442
"DECI",1972,511
"DECI",1973,551
"DECI",1974,560
"DECI",1975,597
"DECI",1976,576
"DECI",1977,624
"DECI",1978,702
"DECI",1979,667
"DECI",1980,751
"DECI",1981,746
"DECI",1982,904
"DECI",1983,924
"DECI",1984,1014
"DECI",1985,1165
"DECI",1986,1448
"DECI",1987,1580
"DECI",1988,1751
"DECI",1989,1873
"DECI",1990,2194
"DECI",1991,2196
"DECI",1992,2786
"DECI",1993,2654
"DECI",1994,2651
"DECI",1995,2747
"DECI",1996,3185
"DECI",1997,3150
"DECI",1998,3086
"DECI",1999,3266
"DECI",2000,3196
"DECI",2001,3207
"DECI",2002,3493
"DECI",2003,3787
"DECI",2004,3804
"DECI",2005,4644
"DECI",2006,4934
"DECI",2007,5228
"DECI",2008,5610
"DECI",2009,5568
"DECI",2010,5581
"DECI",2011,5853
"DECI",2012,5858
"DECI",2013,5994
"DECI",2014,6042
"DECI",2015,6656
"DECI",2016,7879
"DECI",2017,8220
"DECI",2018,10287
"DECI",2019,11153
"DECI",2020,11086
"DECI",2021,10161
"DENT",1900,0
"DENT",1901,0
"DENT",1902,0
"DENT",1903,0
"DENT",1904,0
"DENT",1905,0
"DENT",1906,0
"DENT",1907,0
"DENT",1908,0
"DENT",1909,0
"DENT",1910,0
"DENT",1911,0
"DENT",1912,0
"DENT",1913,0
"DENT",1914,0
"DENT",1915,0
"DENT",1916,0
"DENT",1917,0
"DENT",1918,0
"DENT",1919,27
"DENT",1920,27
"DENT",1921,28
"DENT",1922,20
"DENT",1923,14
"DENT",1924,10
"DENT",1925,0
"DENT",1926,0
"DENT",1927,24
"DENT",1928,28
"DENT",1929,38
"DENT",1930,31
"DENT",1931,45
"DENT",1932,55
"DENT",1933,41
"DENT",1934,36
"DENT",1935,31
"DENT",1936,0
"DENT",1937,44
"DENT",1938,46
"DENT",1939,41
"DENT",1940,45
"DENT",1941,65
"DENT",1942,70
"DENT",1943,62
"DENT",1944,45
"DENT",1945,37
"DENT",1946,52
"DENT",1947,53
"DENT",1948,183
"DENT",1949,191
"DENT",1950,230
"DENT",1951,267
"DENT",1952,270
"DENT",1953,301
"DENT",1954,265
"DENT",1955,287
"DENT",1956,323
"DENT",1957,286
"DENT",1958,351
"DENT",1959,346
"DENT",1960,414
"DENT",1961,403
"DENT",1962,452
"DENT",1963,467
"DENT",1964,464
"DENT",1965,526
"DENT",1966,612
"DENT",1967,601
"DENT",1968,567
"DENT",1969,618
"DENT",1970,624
"DENT",1971,618
"DENT",1972,745
"DENT",1973,1078
"DENT",1974,994
"DENT",1975,854
"DENT",1976,1033
"DENT",1977,1106
"DENT",1978,1174
"DENT",1979,869
"DENT",1980,894
"DENT",1981,1140
"DENT",1982,1225
"DENT",1983,1001
"DENT",1984,1063
"DENT",1985,1208
"DENT",1986,1102
"DENT",1987,1185
"DENT",1988,1362
"DENT",1989,1347
"DENT",1990,1437
"DENT",1991,1522
"DENT",1992,1748
"DENT",1993,1703
"DENT",1994,1483
"DENT",1995,1673
"DENT",1996,1915
"DENT",1997,1908
"DENT",1998,1859
"DENT",1999,1977
"DENT",2000,2149
"DENT",2001,2144
"DENT",2002,2228
"DENT",2003,2964
"DENT",2004,2975
"DENT",2005,4033
"DENT",2006,5086
"DENT",2007,4830
"DENT",2008,4437
"DENT",2009,4571
"DENT",2010,4069
"DENT",2011,4695
"DENT",2012,5066
"DENT",2013,4339
"DENT",2014,3300
"DENT",2015,3491
"DENT",2016,3243
"DENT",2017,3210
"DENT",2018,3243
"DENT",2019,3093
"DENT",2020,2986
"DENT",2021,3547
"EART",1900,20
"EART",1901,32
"EART",1902,39
"EART",1903,45
"EART",1904,37
"EART",1905,41
"EART",1906,98
"EART",1907,93
"EART",1908,56
"EART",1909,94
"EART",1910,73
"EART",1911,91
"EART",1912,88
"EART",1913,94
"EART",1914,85
"EART",1915,60
"EART",1916,86
"EART",1917,58
"EART",1918,52
"EART",1919,30
"EART",1920,84
"EART",1921,84
"EART",1922,90
"EART",1923,136
"EART",1924,101
"EART",1925,133
"EART",1926,132
"EART",1927,149
"EART",1928,106
"EART",1929,126
"EART",1930,149
"EART",1931,166
"EART",1932,192
"EART",1933,239
"EART",1934,258
"EART",1935,231
"EART",1936,298
"EART",1937,292
"EART",1938,329
"EART",1939,283
"EART",1940,331
"EART",1941,305
"EART",1942,220
"EART",1943,200
"EART",1944,264
"EART",1945,197
"EART",1946,283
"EART",1947,264
"EART",1948,286
"EART",1949,339
"EART",1950,353
"EART",1951,363
"EART",1952,352
"EART",1953,395
"EART",1954,403
"EART",1955,529
"EART",1956,522
"EART",1957,662
"EART",1958,623
"EART",1959,615
"EART",1960,667
"EART",1961,911
"EART",1962,975
"EART",1963,977
"EART",1964,1294
"EART",1965,1504
"EART",1966,1928
"EART",1967,2220
"EART",1968,2444
"EART",1969,2660
"EART",1970,3027
"EART",1971,2914
"EART",1972,3292
"EART",1973,3212
"EART",1974,3085
"EART",1975,3321
"EART",1976,3318
"EART",1977,3497
"EART",1978,3867
"EART",1979,4283
"EART",1980,5404
"EART",1981,6707
"EART",1982,7571
"EART",1983,7854
"EART",1984,8283
"EART",1985,8350
"EART",1986,8511
"EART",1987,8597
"EART",1988,9590
"EART",1989,10440
"EART",1990,11620
"EART",1991,11235
"EART",1992,11516
"EART",1993,11834
"EART",1994,11597
"EART",1995,13681
"EART",1996,17854
"EART",1997,17622
"EART",1998,18443
"EART",1999,18017
"EART",2000,21053
"EART",2001,19409
"EART",2002,20046
"EART",2003,22900
"EART",2004,23144
"EART",2005,24591
"EART",2006,27623
"EART",2007,27191
"EART",2008,26489
"EART",2009,28726
"EART",2010,27887
"EART",2011,28563
"EART",2012,30511
"EART",2013,32840
"EART",2014,33965
"EART",2015,33238
"EART",2016,34859
"EART",2017,34032
"EART",2018,37736
"EART",2019,36527
"EART",2020,34129
"EART",2021,32752
"ECON",1900,12
"ECON",1901,12
"ECON",1902,15
"ECON",1903,12
"ECON",1904,12
"ECON",1905,16
"ECON",1906,13
"ECON",1907,15
"ECON",1908,14
"ECON",1909,19
"ECON",1910,19
"ECON",1911,22
"ECON",1912,20
"ECON",1913,22
"ECON",1914,22
"ECON",1915,18
"ECON",1916,21
"ECON",1917,21
"ECON",1918,17
"ECON",1919,30
"ECON",1920,43
"ECON",1921,46
"ECON",1922,32
"ECON",1923,31
"ECON",1924,59
"ECON",1925,62
"ECON",1926,67
"ECON",1927,51
"ECON",1928,70
"ECON",1929,96
"ECON",1930,96
"ECON",1931,98
"ECON",1932,112
"ECON",1933,129
"ECON",1934,122
"ECON",1935,116
"ECON",1936,115
"ECON",1937,152
"ECON",1938,130
"ECON",1939,143
"ECON",1940,141
"ECON",1941,157
"ECON",1942,138
"ECON",1943,132
"ECON",1944,130
"ECON",1945,175
"ECON",1946,207
"ECON",1947,248
"ECON",1948,171
"ECON",1949,336
"ECON",1950,255
"ECON",1951,275
"ECON",1952,268
"ECON",1953,246
"ECON",1954,308
"ECON",1955,351
"ECON",1956,376
"ECON",1957,349
"ECON",1958,420
"ECON",1959,381
"ECON",1960,366
"ECON",1961,404
"ECON",1962,380
"ECON",1963,434
"ECON",1964,378
"ECON",1965,419
"ECON",1966,454
"ECON",1967,503
"ECON",1968,535
"ECON",1969,725
"ECON",1970,677
"ECON",1971,920
"ECON",1972,853
"ECON",1973,874
"ECON",1974,1173
"ECON",1975,1062
"ECON",1976,1239
"ECON",1977,1234
"ECON",1978,1499
"ECON",1979,1745
"ECON",1980,1487
"ECON",1981,1750
"ECON",1982,2032
"ECON",1983,2025
"ECON",1984,2309
"ECON",1985,2831
"ECON",1986,2789
"ECON",1987,2790
"ECON",1988,2909
"ECON",1989,3206
"ECON",1990,3269
"ECON",1991,3537
"ECON",1992,3742
"ECON",1993,3735
"ECON",1994,4061
"ECON",1995,4336
"ECON",1996,4632
"ECON",1997,5200
"ECON",1998,5135
"ECON",1999,5301
"ECON",2000,5595
"ECON",2001,5806
"ECON",2002,6402
"ECON",2003,8078
"ECON",2004,8521
"ECON",2005,9307
"ECON",2006,9987
"ECON",2007,10195
"ECON",2008,10535
"ECON",2009,12844
"ECON",2010,13355
"ECON",2011,13217
"ECON",2012,14799
"ECON",2013,16462
"ECON",2014,15864
"ECON",2015,16166
"ECON",2016,16620
"ECON",2017,16801
"ECON",2018,15725
"ECON",2019,14230
"ECON",2020,13743
"ECON",2021,15209
"ENER",1900,0
"ENER",1901,0
"ENER",1902,0
"ENER",1903,0
"ENER",1904,0
"ENER",1905,0
"ENER",1906,0
"ENER",1907,0
"ENER",1908,0
"ENER",1909,0
"ENER",1910,0
"ENER",1911,0
"ENER",1912,0
"ENER",1913,0
"ENER",1914,0
"ENER",1915,0
"ENER",1916,0
"ENER",1917,0
"ENER",1918,0
"ENER",1919,0
"ENER",1920,0
"ENER",1921,0
"ENER",1922,0
"ENER",1923,0
"ENER",1924,0
"ENER",1925,0
"ENER",1926,0
"ENER",1927,0
"ENER",1928,0
"ENER",1929,0
"ENER",1930,0
"ENER",1931,0
"ENER",1932,0
"ENER",1933,36
"ENER",1934,25
"ENER",1935,1
"ENER",1936,34
"ENER",1937,79
"ENER",1938,35
"ENER",1939,37
"ENER",1940,18
"ENER",1941,22
"ENER",1942,16
"ENER",1943,12
"ENER",1944,20
"ENER",1945,16
"ENER",1946,32
"ENER",1947,24
"ENER",1948,104
"ENER",1949,85
"ENER",1950,57
"ENER",1951,195
"ENER",1952,292
"ENER",1953,268
"ENER",1954,327
"ENER",1955,397
"ENER",1956,511
"ENER",1957,656
"ENER",1958,618
"ENER",1959,935
"ENER",1960,579
"ENER",1961,598
"ENER",1962,633
"ENER",1963,813
"ENER",1964,833
"ENER",1965,1166
"ENER",1966,985
"ENER",1967,1403
"ENER",1968,925
"ENER",1969,1333
"ENER",1970,1311
"ENER",1971,1762
"ENER",1972,1186
"ENER",1973,1178
"ENER",1974,1462
"ENER",1975,1914
"ENER",1976,1724
"ENER",1977,2088
"ENER",1978,2361
"ENER",1979,2791
"ENER",1980,2223
"ENER",1981,3278
"ENER",1982,2767
"ENER",1983,3036
"ENER",1984,2958
"ENER",1985,3376
"ENER",1986,2762
"ENER",1987,3023
"ENER",1988,3491
"ENER",1989,4479
"ENER",1990,4329
"ENER",1991,4900
"ENER",1992,5727
"ENER",1993,4827
"ENER",1994,5185
"ENER",1995,6056
"ENER",1996,6510
"ENER",1997,6270
"ENER",1998,5951
"ENER",1999,5727
"ENER",2000,7127
"ENER",2001,5938
"ENER",2002,5595
"ENER",2003,6645
"ENER",2004,8263
"ENER",2005,8907
"ENER",2006,9213
"ENER",2007,10063
"ENER",2008,11051
"ENER",2009,13515
"ENER",2010,13416
"ENER",2011,14590
"ENER",2012,14577
"ENER",2013,16876
"ENER",2014,18419
"ENER",2015,18728
"ENER",2016,20733
"ENER",2017,22438
"ENER",2018,24033
"ENER",2019,23548
"ENER",2020,21365
"ENER",2021,17606
"ENGI",1900,12
"ENGI",1901,11
"ENGI",1902,10
"ENGI",1903,20
"ENGI",1904,14
"ENGI",1905,27
"ENGI",1906,10
"ENGI",1907,26
"ENGI",1908,14
"ENGI",1909,13
"ENGI",1910,19
"ENGI",1911,49
"ENGI",1912,47
"ENGI",1913,34
"ENGI",1914,35
"ENGI",1915,45
"ENGI",1916,71
"ENGI",1917,76
"ENGI",1918,114
"ENGI",1919,144
"ENGI",1920,242
"ENGI",1921,153
"ENGI",1922,209
"ENGI",1923,254
"ENGI",1924,239
"ENGI",1925,227
"ENGI",1926,224
"ENGI",1927,254
"ENGI",1928,333
"ENGI",1929,404
"ENGI",1930,378
"ENGI",1931,447
"ENGI",1932,424
"ENGI",1933,356
"ENGI",1934,471
"ENGI",1935,510
"ENGI",1936,453
"ENGI",1937,473
"ENGI",1938,446
"ENGI",1939,410
"ENGI",1940,550
"ENGI",1941,455
"ENGI",1942,452
"ENGI",1943,334
"ENGI",1944,549
"ENGI",1945,418
"ENGI",1946,412
"ENGI",1947,654
"ENGI",1948,528
"ENGI",1949,587
"ENGI",1950,588
"ENGI",1951,699
"ENGI",1952,889
"ENGI",1953,1082
"ENGI",1954,1378
"ENGI",1955,1382
"ENGI",1956,1890
"ENGI",1957,2010
"ENGI",1958,2497
"ENGI",1959,2974
"ENGI",1960,3935
"ENGI",1961,3910
"ENGI",1962,4861
"ENGI",1963,5953
"ENGI",1964,7330
"ENGI",1965,7771
"ENGI",1966,8513
"ENGI",1967,9250
"ENGI",1968,9914
"ENGI",1969,9794
"ENGI",1970,10640
"ENGI",1971,11367
"ENGI",1972,10744
"ENGI",1973,11419
"ENGI",1974,11109
"ENGI",1975,11845
"ENGI",1976,11354
"ENGI",1977,12440
"ENGI",1978,11648
"ENGI",1979,13178
"ENGI",1980,12725
"ENGI",1981,14946
"ENGI",1982,15694
"ENGI",1983,16786
"ENGI",1984,17048
"ENGI",1985,18442
"ENGI",1986,18164
"ENGI",1987,21533
"ENGI",1988,30047
"ENGI",1989,39641
"ENGI",1990,41487
"ENGI",1991,43595
"ENGI",1992,46942
"ENGI",1993,56960
"ENGI",1994,53815
"ENGI",1995,60200
"ENGI",1996,63465
"ENGI",1997,62335
"ENGI",1998,61642
"ENGI",1999,59066
"ENGI",2000,62354
"ENGI",2001,61027
"ENGI",2002,67694
"ENGI",2003,75445
"ENGI",2004,92428
"ENGI",2005,104862
"ENGI",2006,96644
"ENGI",2007,86547
"ENGI",2008,85506
"ENGI",2009,89303
"ENGI",2010,91773
"ENGI",2011,91812
"ENGI",2012,91686
"ENGI",2013,95390
"ENGI",2014,97476
"ENGI",2015,103458
"ENGI",2016,101933
"ENGI",2017,105421
"ENGI",2018,106481
"ENGI",2019,105128
"ENGI",2020,97845
"ENGI",2021,81805
"ENVI",1900,0
"ENVI",1901,0
"ENVI",1902,0
"ENVI",1903,0
"ENVI",1904,3
"ENVI",1905,0
"ENVI",1906,0
"ENVI",1907,3
"ENVI",1908,1
"ENVI",1909,0
"ENVI",1910,2
"ENVI",1911,1
"ENVI",1912,2
"ENVI",1913,3
"ENVI",1914,0
"ENVI",1915,3
"ENVI",1916,1
"ENVI",1917,2
"ENVI",1918,43
"ENVI",1919,64
"ENVI",1920,76
"ENVI",1921,61
"ENVI",1922,59
"ENVI",1923,59
"ENVI",1924,54
"ENVI",1925,76
"ENVI",1926,62
"ENVI",1927,71
"ENVI",1928,69
"ENVI",1929,90
"ENVI",1930,47
"ENVI",1931,53
"ENVI",1932,64
"ENVI",1933,68
"ENVI",1934,83
"ENVI",1935,118
"ENVI",1936,124
"ENVI",1937,101
"ENVI",1938,133
"ENVI",1939,74
"ENVI",1940,172
"ENVI",1941,55
"ENVI",1942,99
"ENVI",1943,48
"ENVI",1944,160
"ENVI",1945,102
"ENVI",1946,80
"ENVI",1947,80
"ENVI",1948,102
"ENVI",1949,231
"ENVI",1950,184
"ENVI",1951,207
"ENVI",1952,270
"ENVI",1953,333
"ENVI",1954,389
"ENVI",1955,447
"ENVI",1956,545
"ENVI",1957,438
"ENVI",1958,715
"ENVI",1959,775
"ENVI",1960,940
"ENVI",1961,1110
"ENVI",1962,1375
"ENVI",1963,1435
"ENVI",1964,1474
"ENVI",1965,1733
"ENVI",1966,1889
"ENVI",1967,2194
"ENVI",1968,2410
"ENVI",1969,2351
"ENVI",1970,3050
"ENVI",1971,2854
"ENVI",1972,3161
"ENVI",1973,3650
"ENVI",1974,3962
"ENVI",1975,4306
"ENVI",1976,4885
"ENVI",1977,5309
"ENVI",1978,5630
"ENVI",1979,6141
"ENVI",1980,6886
"ENVI",1981,8221
"ENVI",1982,9486
"ENVI",1983,9624
"ENVI",1984,10282
"ENVI",1985,9725
"ENVI",1986,9813
"ENVI",1987,9577
"ENVI",1988,10370
"ENVI",1989,11178
"ENVI",1990,11676
"ENVI",1991,11338
"ENVI",1992,10756
"ENVI",1993,11099
"ENVI",1994,12017
"ENVI",1995,13397
"ENVI",1996,15010
"ENVI",1997,15498
"ENVI",1998,16280
"ENVI",1999,16354
"ENVI",2000,16700
"ENVI",2001,16743
"ENVI",2002,16999
"ENVI",2003,19129
"ENVI",2004,20614
"ENVI",2005,22163
"ENVI",2006,24544
"ENVI",2007,25338
"ENVI",2008,24957
"ENVI",2009,26321
"ENVI",2010,27229
"ENVI",2011,28707
"ENVI",2012,30154
"ENVI",2013,31079
"ENVI",2014,31941
"ENVI",2015,33081
"ENVI",2016,34470
"ENVI",2017,35683
"ENVI",2018,37413
"ENVI",2019,39841
"ENVI",2020,39672
"ENVI",2021,42807
"HEAL",1900,0
"HEAL",1901,0
"HEAL",1902,0
"HEAL",1903,0
"HEAL",1904,0
"HEAL",1905,0
"HEAL",1906,0
"HEAL",1907,0
"HEAL",1908,0
"HEAL",1909,0
"HEAL",1910,0
"HEAL",1911,0
"HEAL",1912,0
"HEAL",1913,0
"HEAL",1914,0
"HEAL",1915,0
"HEAL",1916,0
"HEAL",1917,0
"HEAL",1918,0
"HEAL",1919,0
"HEAL",1920,0
"HEAL",1921,0
"HEAL",1922,0
"HEAL",1923,4
"HEAL",1924,65
"HEAL",1925,103
"HEAL",1926,124
"HEAL",1927,111
"HEAL",1928,110
"HEAL",1929,114
"HEAL",1930,124
"HEAL",1931,148
"HEAL",1932,147
"HEAL",1933,146
"HEAL",1934,155
"HEAL",1935,104
"HEAL",1936,150
"HEAL",1937,145
"HEAL",1938,106
"HEAL",1939,130
"HEAL",1940,155
"HEAL",1941,139
"HEAL",1942,146
"HEAL",1943,121
"HEAL",1944,110
"HEAL",1945,95
"HEAL",1946,116
"HEAL",1947,108
"HEAL",1948,117
"HEAL",1949,132
"HEAL",1950,157
"HEAL",1951,146
"HEAL",1952,134
"HEAL",1953,164
"HEAL",1954,188
"HEAL",1955,180
"HEAL",1956,151
"HEAL",1957,174
"HEAL",1958,198
"HEAL",1959,225
"HEAL",1960,235
"HEAL",1961,263
"HEAL",1962,307
"HEAL",1963,281
"HEAL",1964,273
"HEAL",1965,323
"HEAL",1966,354
"HEAL",1967,365
"HEAL",1968,462
"HEAL",1969,551
"HEAL",1970,480
"HEAL",1971,526
"HEAL",1972,666
"HEAL",1973,1047
"HEAL",1974,1418
"HEAL",1975,1353
"HEAL",1976,1346
"HEAL",1977,1465
"HEAL",1978,1651
"HEAL",1979,1794
"HEAL",1980,1932
"HEAL",1981,1954
"HEAL",1982,2127
"HEAL",1983,2169
"HEAL",1984,2301
"HEAL",1985,2474
"HEAL",1986,2619
"HEAL",1987,2916
"HEAL",1988,3531
"HEAL",1989,3766
"HEAL",1990,3949
"HEAL",1991,4220
"HEAL",1992,4390
"HEAL",1993,4421
"HEAL",1994,4447
"HEAL",1995,4684
"HEAL",1996,5006
"HEAL",1997,5355
"HEAL",1998,5238
"HEAL",1999,5110
"HEAL",2000,5982
"HEAL",2001,5870
"HEAL",2002,5749
"HEAL",2003,6305
"HEAL",2004,6926
"HEAL",2005,7431
"HEAL",2006,7421
"HEAL",2007,7943
"HEAL",2008,8033
"HEAL",2009,8729
"HEAL",2010,9332
"HEAL",2011,9692
"HEAL",2012,10736
"HEAL",2013,10732
"HEAL",2014,11089
"HEAL",2015,11643
"HEAL",2016,11368
"HEAL",2017,12135
"HEAL",2018,12175
"HEAL",2019,12464
"HEAL",2020,13456
"HEAL",2021,16069
"IMMU",1900,15
"IMMU",1901,20
"IMMU",1902,8
"IMMU",1903,4
"IMMU",1904,1
"IMMU",1905,43
"IMMU",1906,45
"IMMU",1907,48
"IMMU",1908,45
"IMMU",1909,51
"IMMU",1910,53
"IMMU",1911,120
"IMMU",1912,111
"IMMU",1913,118
"IMMU",1914,98
"IMMU",1915,104
"IMMU",1916,92
"IMMU",1917,96
"IMMU",1918,97
"IMMU",1919,78
"IMMU",1920,84
"IMMU",1921,109
"IMMU",1922,107
"IMMU",1923,105
"IMMU",1924,116
"IMMU",1925,116
"IMMU",1926,94
"IMMU",1927,187
"IMMU",1928,147
"IMMU",1929,143
"IMMU",1930,157
"IMMU",1931,168
"IMMU",1932,134
"IMMU",1933,129
"IMMU",1934,133
"IMMU",1935,130
"IMMU",1936,133
"IMMU",1937,127
"IMMU",1938,135
"IMMU",1939,143
"IMMU",1940,138
"IMMU",1941,122
"IMMU",1942,114
"IMMU",1943,105
"IMMU",1944,101
"IMMU",1945,88
"IMMU",1946,95
"IMMU",1947,207
"IMMU",1948,133
"IMMU",1949,110
"IMMU",1950,68
"IMMU",1951,61
"IMMU",1952,87
"IMMU",1953,103
"IMMU",1954,135
"IMMU",1955,148
"IMMU",1956,189
"IMMU",1957,200
"IMMU",1958,285
"IMMU",1959,335
"IMMU",1960,353
"IMMU",1961,510
"IMMU",1962,532
"IMMU",1963,540
"IMMU",1964,515
"IMMU",1965,698
"IMMU",1966,726
"IMMU",1967,825
"IMMU",1968,877
"IMMU",1969,875
"IMMU",1970,1148
"IMMU",1971,1242
"IMMU",1972,1486
"IMMU",1973,3513
"IMMU",1974,4655
"IMMU",1975,4795
"IMMU",1976,5200
"IMMU",1977,5753
"IMMU",1978,5876
"IMMU",1979,6360
"IMMU",1980,6616
"IMMU",1981,6933
"IMMU",1982,7283
"IMMU",1983,7391
"IMMU",1984,7552
"IMMU",1985,7834
"IMMU",1986,7980
"IMMU",1987,8352
"IMMU",1988,9268
"IMMU",1989,9913
"IMMU",1990,10771
"IMMU",1991,11160
"IMMU",1992,11563
"IMMU",1993,11655
"IMMU",1994,12624
"IMMU",1995,12868
"IMMU",1996,13991
"IMMU",1997,14059
"IMMU",1998,13723
"IMMU",1999,14268
"IMMU",2000,14107
"IMMU",2001,13902
"IMMU",2002,13957
"IMMU",2003,15463
"IMMU",2004,16237
"IMMU",2005,16744
"IMMU",2006,17543
"IMMU",2007,18394
"IMMU",2008,18692
"IMMU",2009,19122
"IMMU",2010,19042
"IMMU",2011,20389
"IMMU",2012,20939
"IMMU",2013,21638
"IMMU",2014,22087
"IMMU",2015,22500
"IMMU",2016,22567
"IMMU",2017,22474
"IMMU",2018,23262
"IMMU",2019,23447
"IMMU",2020,24649
"IMMU",2021,27251
"MATE",1900,0
"MATE",1901,0
"MATE",1902,0
"MATE",1903,0
"MATE",1904,0
"MATE",1905,1
"MATE",1906,0
"MATE",1907,0
"MATE",1908,3
"MATE",1909,4
"MATE",1910,1
"MATE",1911,3
"MATE",1912,3
"MATE",1913,1
"MATE",1914,2
"MATE",1915,3
"MATE",1916,4
"MATE",1917,0
"MATE",1918,64
"MATE",1919,65
"MATE",1920,51
"MATE",1921,50
"MATE",1922,77
"MATE",1923,104
"MATE",1924,83
"MATE",1925,94
"MATE",1926,99
"MATE",1927,92
"MATE",1928,82
"MATE",1929,81
"MATE",1930,85
"MATE",1931,102
"MATE",1932,88
"MATE",1933,123
"MATE",1934,82
"MATE",1935,98
"MATE",1936,93
"MATE",1937,78
"MATE",1938,81
"MATE",1939,80
"MATE",1940,78
"MATE",1941,82
"MATE",1942,92
"MATE",1943,83
"MATE",1944,93
"MATE",1945,92
"MATE",1946,107
"MATE",1947,106
"MATE",1948,161
"MATE",1949,181
"MATE",1950,190
"MATE",1951,227
"MATE",1952,265
"MATE",1953,236
"MATE",1954,403
"MATE",1955,293
"MATE",1956,466
"MATE",1957,588
"MATE",1958,728
"MATE",1959,920
"MATE",1960,922
"MATE",1961,990
"MATE",1962,1140
"MATE",1963,1558
"MATE",1964,1725
"MATE",1965,2127
"MATE",1966,2382
"MATE",1967,2760
"MATE",1968,3265
"MATE",1969,3438
"MATE",1970,3917
"MATE",1971,4173
"MATE",1972,4339
"MATE",1973,4544
"MATE",1974,5147
"MATE",1975,4820
"MATE",1976,5748
"MATE",1977,5975
"MATE",1978,6138
"MATE",1979,7068
"MATE",1980,7728
"MATE",1981,8028
"MATE",1982,7658
"MATE",1983,8757
"MATE",1984,9129
"MATE",1985,9478
"MATE",1986,10881
"MATE",1987,12295
"MATE",1988,15276
"MATE",1989,18606
"MATE",1990,20046
"MATE",1991,20192
"MATE",1992,18466
"MATE",1993,24025
"MATE",1994,24330
"MATE",1995,25044
"MATE",1996,30383
"MATE",1997,31356
"MATE",1998,31369
"MATE",1999,31496
"MATE",2000,32120
"MATE",2001,31479
"MATE",2002,35574
"MATE",2003,34531
"MATE",2004,36660
"MATE",2005,40063
"MATE",2006,40240
"MATE",2007,39253
"MATE",2008,41099
"MATE",2009,40088
"MATE",2010,41061
"MATE",2011,42540
"MATE",2012,44038
"MATE",2013,43516
"MATE",2014,46849
"MATE",2015,46763
"MATE",2016,48286
"MATE",2017,50384
"MATE",2018,51120
"MATE",2019,51055
"MATE",2020,49565
"MATE",2021,44861
"MATH",1900,64
"MATH",1901,51
"MATH",1902,76
"MATH",1903,70
"MATH",1904,59
"MATH",1905,73
"MATH",1906,71
"MATH",1907,72
"MATH",1908,53
"MATH",1909,62
"MATH",1910,59
"MATH",1911,85
"MATH",1912,83
"MATH",1913,74
"MATH",1914,91
"MATH",1915,105
"MATH",1916,108
"MATH",1917,88
"MATH",1918,61
"MATH",1919,58
"MATH",1920,83
"MATH",1921,104
"MATH",1922,118
"MATH",1923,117
"MATH",1924,112
"MATH",1925,154
"MATH",1926,180
"MATH",1927,220
"MATH",1928,194
"MATH",1929,227
"MATH",1930,191
"MATH",1931,210
"MATH",1932,211
"MATH",1933,270
"MATH",1934,196
"MATH",1935,309
"MATH",1936,338
"MATH",1937,328
"MATH",1938,316
"MATH",1939,327
"MATH",1940,322
"MATH",1941,340
"MATH",1942,327
"MATH",1943,317
"MATH",1944,327
"MATH",1945,302
"MATH",1946,301
"MATH",1947,368
"MATH",1948,374
"MATH",1949,381
"MATH",1950,442
"MATH",1951,604
"MATH",1952,525
"MATH",1953,618
"MATH",1954,638
"MATH",1955,747
"MATH",1956,802
"MATH",1957,885
"MATH",1958,877
"MATH",1959,1065
"MATH",1960,1225
"MATH",1961,1511
"MATH",1962,1677
"MATH",1963,1784
"MATH",1964,2168
"MATH",1965,2697
"MATH",1966,2960
"MATH",1967,3381
"MATH",1968,3680
"MATH",1969,4430
"MATH",1970,4491
"MATH",1971,5397
"MATH",1972,5600
"MATH",1973,6117
"MATH",1974,6284
"MATH",1975,5893
"MATH",1976,6389
"MATH",1977,6255
"MATH",1978,6374
"MATH",1979,6687
"MATH",1980,7239
"MATH",1981,7249
"MATH",1982,7757
"MATH",1983,7845
"MATH",1984,8203
"MATH",1985,8410
"MATH",1986,9847
"MATH",1987,10924
"MATH",1988,12735
"MATH",1989,13854
"MATH",1990,15473
"MATH",1991,14778
"MATH",1992,14405
"MATH",1993,18187
"MATH",1994,17927
"MATH",1995,18620
"MATH",1996,20721
"MATH",1997,20538
"MATH",1998,22134
"MATH",1999,22327
"MATH",2000,21992
"MATH",2001,23763
"MATH",2002,26145
"MATH",2003,26819
"MATH",2004,29297
"MATH",2005,29428
"MATH",2006,31736
"MATH",2007,31630
"MATH",2008,31551
"MATH",2009,33175
"MATH",2010,34384
"MATH",2011,34963
"MATH",2012,34872
"MATH",2013,35383
"MATH",2014,35926
"MATH",2015,36525
"MATH",2016,37955
"MATH",2017,39349
"MATH",2018,41970
"MATH",2019,42737
"MATH",2020,41596
"MATH",2021,38166
"MEDI",1900,820
"MEDI",1901,776
"MEDI",1902,784
"MEDI",1903,713
"MEDI",1904,853
"MEDI",1905,963
"MEDI",1906,1151
"MEDI",1907,1275
"MEDI",1908,1316
"MEDI",1909,1538
"MEDI",1910,1523
"MEDI",1911,1665
"MEDI",1912,1814
"MEDI",1913,1752
"MEDI",1914,1703
"MEDI",1915,1771
"MEDI",1916,1669
"MEDI",1917,1821
"MEDI",1918,1724
"MEDI",1919,1708
"MEDI",1920,1887
"MEDI",1921,2121
"MEDI",1922,2182
"MEDI",1923,2219
"MEDI",1924,2469
"MEDI",1925,2511
"MEDI",1926,2332
"MEDI",1927,2491
"MEDI",1928,2666
"MEDI",1929,2770
"MEDI",1930,2917
"MEDI",1931,2919
"MEDI",1932,3297
"MEDI",1933,3096
"MEDI",1934,3282
"MEDI",1935,3223
"MEDI",1936,3367
"MEDI",1937,3626
"MEDI",1938,3608
"MEDI",1939,3758
"MEDI",1940,4100
"MEDI",1941,4019
"MEDI",1942,3949
"MEDI",1943,3393
"MEDI",1944,3168
"MEDI",1945,3026
"MEDI",1946,2910
"MEDI",1947,3650
"MEDI",1948,3793
"MEDI",1949,4065
"MEDI",1950,4990
"MEDI",1951,5816
"MEDI",1952,5782
"MEDI",1953,6100
"MEDI",1954,6472
"MEDI",1955,6839
"MEDI",1956,7294
"MEDI",1957,6986
"MEDI",1958,7755
"MEDI",1959,8060
"MEDI",1960,8952
"MEDI",1961,9409
"MEDI",1962,9783
"MEDI",1963,10548
"MEDI",1964,11477
"MEDI",1965,12117
"MEDI",1966,12637
"MEDI",1967,13399
"MEDI",1968,13872
"MEDI",1969,14807
"MEDI",1970,17154
"MEDI",1971,18466
"MEDI",1972,20880
"MEDI",1973,41015
"MEDI",1974,50345
"MEDI",1975,51617
"MEDI",1976,52812
"MEDI",1977,56645
"MEDI",1978,58790
"MEDI",1979,61865
"MEDI",1980,58825
"MEDI",1981,64745
"MEDI",1982,66689
"MEDI",1983,61203
"MEDI",1984,71993
"MEDI",1985,77283
"MEDI",1986,70370
"MEDI",1987,73181
"MEDI",1988,78698
"MEDI",1989,84198
"MEDI",1990,93541
"MEDI",1991,94006
"MEDI",1992,94058
"MEDI",1993,98648
"MEDI",1994,99994
"MEDI",1995,103338
"MEDI",1996,109194
"MEDI",1997,111536
"MEDI",1998,108056
"MEDI",1999,111871
"MEDI",2000,114821
"MEDI",2001,117685
"MEDI",2002,120477
"MEDI",2003,126971
"MEDI",2004,135994
"MEDI",2005,150016
"MEDI",2006,158264
"MEDI",2007,162707
"MEDI",2008,165237
"MEDI",2009,172167
"MEDI",2010,176336
"MEDI",2011,182244
"MEDI",2012,200423
"MEDI",2013,203668
"MEDI",2014,208112
"MEDI",2015,216460
"MEDI",2016,219933
"MEDI",2017,223043
"MEDI",2018,232486
"MEDI",2019,224760
"MEDI",2020,241961
"MEDI",2021,275780
"NEUR",1900,4
"NEUR",1901,4
"NEUR",1902,3
"NEUR",1903,1
"NEUR",1904,2
"NEUR",1905,3
"NEUR",1906,3
"NEUR",1907,2
"NEUR",1908,2
"NEUR",1909,2
"NEUR",1910,1
"NEUR",1911,24
"NEUR",1912,16
"NEUR",1913,19
"NEUR",1914,25
"NEUR",1915,23
"NEUR",1916,21
"NEUR",1917,40
"NEUR",1918,29
"NEUR",1919,15
"NEUR",1920,28
"NEUR",1921,15
"NEUR",1922,15
"NEUR",1923,16
"NEUR",1924,27
"NEUR",1925,22
"NEUR",1926,40
"NEUR",1927,30
"NEUR",1928,27
"NEUR",1929,24
"NEUR",1930,43
"NEUR",1931,36
"NEUR",1932,47
"NEUR",1933,36
"NEUR",1934,39
"NEUR",1935,46
"NEUR",1936,44
"NEUR",1937,52
"NEUR",1938,35
"NEUR",1939,72
"NEUR",1940,70
"NEUR",1941,80
"NEUR",1942,116
"NEUR",1943,140
"NEUR",1944,95
"NEUR",1945,105
"NEUR",1946,165
"NEUR",1947,126
"NEUR",1948,180
"NEUR",1949,293
"NEUR",1950,294
"NEUR",1951,231
"NEUR",1952,134
"NEUR",1953,143
"NEUR",1954,263
"NEUR",1955,402
"NEUR",1956,348
"NEUR",1957,484
"NEUR",1958,648
"NEUR",1959,855
"NEUR",1960,874
"NEUR",1961,719
"NEUR",1962,902
"NEUR",1963,1177
"NEUR",1964,1323
"NEUR",1965,1514
"NEUR",1966,1559
"NEUR",1967,1647
"NEUR",1968,2082
"NEUR",1969,2480
"NEUR",1970,2270
"NEUR",1971,2493
"NEUR",1972,2695
"NEUR",1973,3858
"NEUR",1974,3939
"NEUR",1975,4322
"NEUR",1976,4579
"NEUR",1977,5213
"NEUR",1978,5409
"NEUR",1979,5623
"NEUR",1980,6837
"NEUR",1981,6789
"NEUR",1982,7241
"NEUR",1983,7187
"NEUR",1984,7866
"NEUR",1985,8220
"NEUR",1986,8895
"NEUR",1987,9585
"NEUR",1988,10944
"NEUR",1989,10663
"NEUR",1990,11534
"NEUR",1991,11671
"NEUR",1992,11828
"NEUR",1993,12156
"NEUR",1994,13260
"NEUR",1995,13111
"NEUR",1996,16285
"NEUR",1997,15588
"NEUR",1998,14226
"NEUR",1999,14661
"NEUR",2000,15012
"NEUR",2001,14997
"NEUR",2002,15908
"NEUR",2003,16734
"NEUR",2004,17077
"NEUR",2005,17976
"NEUR",2006,18681
"NEUR",2007,19742
"NEUR",2008,20213
"NEUR",2009,22323
"NEUR",2010,22294
"NEUR",2011,23290
"NEUR",2012,24018
"NEUR",2013,24151
"NEUR",2014,25850
"NEUR",2015,26297
"NEUR",2016,26558
"NEUR",2017,27075
"NEUR",2018,27803
"NEUR",2019,27494
"NEUR",2020,28543
"NEUR",2021,32629
"NURS",1900,0
"NURS",1901,0
"NURS",1902,0
"NURS",1903,0
"NURS",1904,0
"NURS",1905,0
"NURS",1906,0
"NURS",1907,0
"NURS",1908,0
"NURS",1909,0
"NURS",1910,0
"NURS",1911,0
"NURS",1912,0
"NURS",1913,0
"NURS",1914,0
"NURS",1915,0
"NURS",1916,0
"NURS",1917,0
"NURS",1918,0
"NURS",1919,0
"NURS",1920,0
"NURS",1921,0
"NURS",1922,0
"NURS",1923,0
"NURS",1924,0
"NURS",1925,0
"NURS",1926,0
"NURS",1927,0
"NURS",1928,0
"NURS",1929,0
"NURS",1930,0
"NURS",1931,0
"NURS",1932,0
"NURS",1933,0
"NURS",1934,0
"NURS",1935,0
"NURS",1936,0
"NURS",1937,0
"NURS",1938,0
"NURS",1939,0
"NURS",1940,0
"NURS",1941,0
"NURS",1942,0
"NURS",1943,4
"NURS",1944,14
"NURS",1945,11
"NURS",1946,38
"NURS",1947,16
"NURS",1948,10
"NURS",1949,10
"NURS",1950,12
"NURS",1951,13
"NURS",1952,15
"NURS",1953,20
"NURS",1954,27
"NURS",1955,15
"NURS",1956,21
"NURS",1957,40
"NURS",1958,32
"NURS",1959,16
"NURS",1960,28
"NURS",1961,56
"NURS",1962,47
"NURS",1963,54
"NURS",1964,68
"NURS",1965,70
"NURS",1966,74
"NURS",1967,164
"NURS",1968,234
"NURS",1969,234
"NURS",1970,338
"NURS",1971,536
"NURS",1972,722
"NURS",1973,1236
"NURS",1974,1667
"NURS",1975,1566
"NURS",1976,1752
"NURS",1977,1986
"NURS",1978,2280
"NURS",1979,2242
"NURS",1980,2573
"NURS",1981,2912
"NURS",1982,2957
"NURS",1983,3121
"NURS",1984,3523
"NURS",1985,4017
"NURS",1986,4146
"NURS",1987,4748
"NURS",1988,5319
"NURS",1989,5926
"NURS",1990,6707
"NURS",1991,6234
"NURS",1992,6628
"NURS",1993,6509
"NURS",1994,7068
"NURS",1995,7541
"NURS",1996,6763
"NURS",1997,7721
"NURS",1998,7670
"NURS",1999,8043
"NURS",2000,8677
"NURS",2001,8733
"NURS",2002,9493
"NURS",2003,9727
"NURS",2004,10101
"NURS",2005,10995
"NURS",2006,12786
"NURS",2007,12690
"NURS",2008,12881
"NURS",2009,13630
"NURS",2010,14580
"NURS",2011,15634
"NURS",2012,17646
"NURS",2013,16317
"NURS",2014,16609
"NURS",2015,17924
"NURS",2016,17204
"NURS",2017,17109
"NURS",2018,17443
"NURS",2019,17211
"NURS",2020,17737
"NURS",2021,19921
"PHAR",1900,0
"PHAR",1901,5
"PHAR",1902,2
"PHAR",1903,1
"PHAR",1904,1
"PHAR",1905,0
"PHAR",1906,2
"PHAR",1907,0
"PHAR",1908,1
"PHAR",1909,0
"PHAR",1910,0
"PHAR",1911,1
"PHAR",1912,1
"PHAR",1913,1
"PHAR",1914,1
"PHAR",1915,0
"PHAR",1916,0
"PHAR",1917,0
"PHAR",1918,1
"PHAR",1919,0
"PHAR",1920,0
"PHAR",1921,1
"PHAR",1922,0
"PHAR",1923,1
"PHAR",1924,3
"PHAR",1925,7
"PHAR",1926,2
"PHAR",1927,6
"PHAR",1928,1
"PHAR",1929,7
"PHAR",1930,2
"PHAR",1931,2
"PHAR",1932,3
"PHAR",1933,11
"PHAR",1934,2
"PHAR",1935,3
"PHAR",1936,1
"PHAR",1937,1
"PHAR",1938,4
"PHAR",1939,16
"PHAR",1940,23
"PHAR",1941,20
"PHAR",1942,23
"PHAR",1943,20
"PHAR",1944,17
"PHAR",1945,28
"PHAR",1946,18
"PHAR",1947,19
"PHAR",1948,25
"PHAR",1949,33
"PHAR",1950,42
"PHAR",1951,35
"PHAR",1952,45
"PHAR",1953,81
"PHAR",1954,34
"PHAR",1955,34
"PHAR",1956,25
"PHAR",1957,48
"PHAR",1958,78
"PHAR",1959,253
"PHAR",1960,323
"PHAR",1961,701
"PHAR",1962,1018
"PHAR",1963,1230
"PHAR",1964,1545
"PHAR",1965,1817
"PHAR",1966,1839
"PHAR",1967,2012
"PHAR",1968,2451
"PHAR",1969,2370
"PHAR",1970,2442
"PHAR",1971,2713
"PHAR",1972,2776
"PHAR",1973,4366
"PHAR",1974,5256
"PHAR",1975,5449
"PHAR",1976,6215
"PHAR",1977,6501
"PHAR",1978,7210
"PHAR",1979,7268
"PHAR",1980,7479
"PHAR",1981,8365
"PHAR",1982,8599
"PHAR",1983,8041
"PHAR",1984,8656
"PHAR",1985,8669
"PHAR",1986,9056
"PHAR",1987,8853
"PHAR",1988,9730
"PHAR",1989,10434
"PHAR",1990,11364
"PHAR",1991,10939
"PHAR",1992,11051
"PHAR",1993,11574
"PHAR",1994,12200
"PHAR",1995,12356
"PHAR",1996,13294
"PHAR",1997,12511
"PHAR",1998,12490
"PHAR",1999,13160
"PHAR",2000,12692
"PHAR",2001,12844
"PHAR",2002,13732
"PHAR",2003,13921
"PHAR",2004,15174
"PHAR",2005,15669
"PHAR",2006,16144
"PHAR",2007,19222
"PHAR",2008,18190
"PHAR",2009,18419
"PHAR",2010,19478
"PHAR",2011,20050
"PHAR",2012,20214
"PHAR",2013,19924
"PHAR",2014,20126
"PHAR",2015,20535
"PHAR",2016,20548
"PHAR",2017,19990
"PHAR",2018,20438
"PHAR",2019,19632
"PHAR",2020,19834
"PHAR",2021,21963
"PHYS",1900,21
"PHYS",1901,22
"PHYS",1902,17
"PHYS",1903,27
"PHYS",1904,15
"PHYS",1905,9
"PHYS",1906,56
"PHYS",1907,49
"PHYS",1908,39
"PHYS",1909,57
"PHYS",1910,18
"PHYS",1911,24
"PHYS",1912,17
"PHYS",1913,39
"PHYS",1914,50
"PHYS",1915,26
"PHYS",1916,23
"PHYS",1917,26
"PHYS",1918,16
"PHYS",1919,8
"PHYS",1920,12
"PHYS",1921,24
"PHYS",1922,53
"PHYS",1923,25
"PHYS",1924,36
"PHYS",1925,62
"PHYS",1926,70
"PHYS",1927,52
"PHYS",1928,71
"PHYS",1929,132
"PHYS",1930,206
"PHYS",1931,248
"PHYS",1932,203
"PHYS",1933,208
"PHYS",1934,236
"PHYS",1935,218
"PHYS",1936,304
"PHYS",1937,799
"PHYS",1938,765
"PHYS",1939,907
"PHYS",1940,943
"PHYS",1941,748
"PHYS",1942,591
"PHYS",1943,455
"PHYS",1944,435
"PHYS",1945,425
"PHYS",1946,817
"PHYS",1947,1114
"PHYS",1948,1460
"PHYS",1949,1779
"PHYS",1950,2126
"PHYS",1951,2290
"PHYS",1952,2270
"PHYS",1953,2607
"PHYS",1954,2726
"PHYS",1955,2900
"PHYS",1956,3219
"PHYS",1957,3288
"PHYS",1958,3765
"PHYS",1959,4142
"PHYS",1960,5261
"PHYS",1961,5318
"PHYS",1962,6336
"PHYS",1963,6666
"PHYS",1964,8428
"PHYS",1965,8968
"PHYS",1966,10118
"PHYS",1967,11946
"PHYS",1968,13066
"PHYS",1969,13449
"PHYS",1970,14624
"PHYS",1971,15010
"PHYS",1972,14622
"PHYS",1973,15762
"PHYS",1974,15302
"PHYS",1975,14149
"PHYS",1976,14618
"PHYS",1977,14823
"PHYS",1978,14598
"PHYS",1979,16453
"PHYS",1980,16456
"PHYS",1981,18031
"PHYS",1982,17030
"PHYS",1983,19251
"PHYS",1984,19627
"PHYS",1985,21602
"PHYS",1986,22579
"PHYS",1987,24790
"PHYS",1988,27237
"PHYS",1989,29277
"PHYS",1990,32336
"PHYS",1991,33631
"PHYS",1992,32400
"PHYS",1993,39750
"PHYS",1994,40446
"PHYS",1995,41051
"PHYS",1996,44314
"PHYS",1997,43847
"PHYS",1998,45492
"PHYS",1999,46424
"PHYS",2000,47135
"PHYS",2001,48531
"PHYS",2002,52168
"PHYS",2003,53776
"PHYS",2004,53987
"PHYS",2005,61879
"PHYS",2006,65638
"PHYS",2007,61725
"PHYS",2008,61793
"PHYS",2009,61608
"PHYS",2010,63218
"PHYS",2011,64391
"PHYS",2012,65758
"PHYS",2013,62808
"PHYS",2014,63531
"PHYS",2015,63652
"PHYS",2016,63412
"PHYS",2017,64722
"PHYS",2018,66171
"PHYS",2019,64162
"PHYS",2020,61624
"PHYS",2021,58589
"PSYC",1900,38
"PSYC",1901,11
"PSYC",1902,22
"PSYC",1903,11
"PSYC",1904,32
"PSYC",1905,25
"PSYC",1906,29
"PSYC",1907,20
"PSYC",1908,47
"PSYC",1909,58
"PSYC",1910,51
"PSYC",1911,40
"PSYC",1912,39
"PSYC",1913,32
"PSYC",1914,41
"PSYC",1915,46
"PSYC",1916,57
"PSYC",1917,49
"PSYC",1918,40
"PSYC",1919,26
"PSYC",1920,55
"PSYC",1921,46
"PSYC",1922,31
"PSYC",1923,52
"PSYC",1924,76
"PSYC",1925,68
"PSYC",1926,92
"PSYC",1927,75
"PSYC",1928,147
"PSYC",1929,117
"PSYC",1930,223
"PSYC",1931,142
"PSYC",1932,213
"PSYC",1933,200
"PSYC",1934,228
"PSYC",1935,230
"PSYC",1936,309
"PSYC",1937,408
"PSYC",1938,377
"PSYC",1939,402
"PSYC",1940,439
"PSYC",1941,452
"PSYC",1942,357
"PSYC",1943,329
"PSYC",1944,330
"PSYC",1945,357
"PSYC",1946,345
"PSYC",1947,524
"PSYC",1948,530
"PSYC",1949,538
"PSYC",1950,741
"PSYC",1951,738
"PSYC",1952,725
"PSYC",1953,837
"PSYC",1954,967
"PSYC",1955,845
"PSYC",1956,758
"PSYC",1957,788
"PSYC",1958,921
"PSYC",1959,1115
"PSYC",1960,1085
"PSYC",1961,1170
"PSYC",1962,1374
"PSYC",1963,1385
"PSYC",1964,1713
"PSYC",1965,1781
"PSYC",1966,2261
"PSYC",1967,2151
"PSYC",1968,2414
"PSYC",1969,2631
"PSYC",1970,3111
"PSYC",1971,3539
"PSYC",1972,3763
"PSYC",1973,5113
"PSYC",1974,5521
"PSYC",1975,5462
"PSYC",1976,5739
"PSYC",1977,6013
"PSYC",1978,6533
"PSYC",1979,6951
"PSYC",1980,6871
"PSYC",1981,7261
"PSYC",1982,7568
"PSYC",1983,7490
"PSYC",1984,7766
"PSYC",1985,7874
"PSYC",1986,8069
"PSYC",1987,8790
"PSYC",1988,9999
"PSYC",1989,10302
"PSYC",1990,10879
"PSYC",1991,10885
"PSYC",1992,11034
"PSYC",1993,11111
"PSYC",1994,11496
"PSYC",1995,12069
"PSYC",1996,12963
"PSYC",1997,13227
"PSYC",1998,12986
"PSYC",1999,13386
"PSYC",2000,14287
"PSYC",2001,14356
"PSYC",2002,14576
"PSYC",2003,15963
"PSYC",2004,17028
"PSYC",2005,17288
"PSYC",2006,18258
"PSYC",2007,17793
"PSYC",2008,18924
"PSYC",2009,20645
"PSYC",2010,22485
"PSYC",2011,24666
"PSYC",2012,29068
"PSYC",2013,29807
"PSYC",2014,31013
"PSYC",2015,29414
"PSYC",2016,29705
"PSYC",2017,30423
"PSYC",2018,31385
"PSYC",2019,30791
"PSYC",2020,30664
"PSYC",2021,38538
"SOCI",1900,73
"SOCI",1901,110
"SOCI",1902,115
"SOCI",1903,148
"SOCI",1904,160
"SOCI",1905,209
"SOCI",1906,234
"SOCI",1907,221
"SOCI",1908,243
"SOCI",1909,326
"SOCI",1910,350
"SOCI",1911,372
"SOCI",1912,449
"SOCI",1913,401
"SOCI",1914,416
"SOCI",1915,463
"SOCI",1916,526
"SOCI",1917,416
"SOCI",1918,380
"SOCI",1919,403
"SOCI",1920,508
"SOCI",1921,525
"SOCI",1922,492
"SOCI",1923,544
"SOCI",1924,758
"SOCI",1925,727
"SOCI",1926,824
"SOCI",1927,875
"SOCI",1928,983
"SOCI",1929,1020
"SOCI",1930,1270
"SOCI",1931,1182
"SOCI",1932,1161
"SOCI",1933,1065
"SOCI",1934,1052
"SOCI",1935,1037
"SOCI",1936,1174
"SOCI",1937,1332
"SOCI",1938,1329
"SOCI",1939,1334
"SOCI",1940,1419
"SOCI",1941,1399
"SOCI",1942,1325
"SOCI",1943,1302
"SOCI",1944,1254
"SOCI",1945,1450
"SOCI",1946,1322
"SOCI",1947,1446
"SOCI",1948,1630
"SOCI",1949,1601
"SOCI",1950,1861
"SOCI",1951,1987
"SOCI",1952,1797
"SOCI",1953,1954
"SOCI",1954,2146
"SOCI",1955,1983
"SOCI",1956,2255
"SOCI",1957,2349
"SOCI",1958,2437
"SOCI",1959,2623
"SOCI",1960,2823
"SOCI",1961,2915
"SOCI",1962,3269
"SOCI",1963,3122
"SOCI",1964,3596
"SOCI",1965,3765
"SOCI",1966,3992
"SOCI",1967,4335
"SOCI",1968,4334
"SOCI",1969,4914
"SOCI",1970,5910
"SOCI",1971,6189
"SOCI",1972,7168
"SOCI",1973,7885
"SOCI",1974,8645
"SOCI",1975,8673
"SOCI",1976,9221
"SOCI",1977,9749
"SOCI",1978,10340
"SOCI",1979,10646
"SOCI",1980,11250
"SOCI",1981,12271
"SOCI",1982,12896
"SOCI",1983,13059
"SOCI",1984,13919
"SOCI",1985,13873
"SOCI",1986,14739
"SOCI",1987,15872
"SOCI",1988,17199
"SOCI",1989,17879
"SOCI",1990,18658
"SOCI",1991,19346
"SOCI",1992,19718
"SOCI",1993,20533
"SOCI",1994,20947
"SOCI",1995,21846
"SOCI",1996,23610
"SOCI",1997,25025
"SOCI",1998,25634
"SOCI",1999,26084
"SOCI",2000,28771
"SOCI",2001,29218
"SOCI",2002,32160
"SOCI",2003,37250
"SOCI",2004,40894
"SOCI",2005,45504
"SOCI",2006,48701
"SOCI",2007,47442
"SOCI",2008,52621
"SOCI",2009,63075
"SOCI",2010,67268
"SOCI",2011,72216
"SOCI",2012,78375
"SOCI",2013,84516
"SOCI",2014,82877
"SOCI",2015,87004
"SOCI",2016,87650
"SOCI",2017,90034
"SOCI",2018,90528
"SOCI",2019,91536
"SOCI",2020,83631
"SOCI",2021,92090
"VETE",1900,0
"VETE",1901,0
"VETE",1902,0
"VETE",1903,0
"VETE",1904,0
"VETE",1905,0
"VETE",1906,0
"VETE",1907,0
"VETE",1908,0
"VETE",1909,0
"VETE",1910,0
"VETE",1911,0
"VETE",1912,0
"VETE",1913,0
"VETE",1914,0
"VETE",1915,0
"VETE",1916,0
"VETE",1917,0
"VETE",1918,0
"VETE",1919,0
"VETE",1920,0
"VETE",1921,0
"VETE",1922,0
"VETE",1923,0
"VETE",1924,0
"VETE",1925,0
"VETE",1926,0
"VETE",1927,0
"VETE",1928,0
"VETE",1929,0
"VETE",1930,0
"VETE",1931,1
"VETE",1932,0
"VETE",1933,0
"VETE",1934,1
"VETE",1935,0
"VETE",1936,17
"VETE",1937,0
"VETE",1938,6
"VETE",1939,4
"VETE",1940,0
"VETE",1941,0
"VETE",1942,1
"VETE",1943,7
"VETE",1944,0
"VETE",1945,0
"VETE",1946,0
"VETE",1947,0
"VETE",1948,0
"VETE",1949,0
"VETE",1950,1
"VETE",1951,0
"VETE",1952,2
"VETE",1953,3
"VETE",1954,4
"VETE",1955,9
"VETE",1956,3
"VETE",1957,8
"VETE",1958,5
"VETE",1959,12
"VETE",1960,23
"VETE",1961,42
"VETE",1962,34
"VETE",1963,42
"VETE",1964,58
"VETE",1965,58
"VETE",1966,72
"VETE",1967,72
"VETE",1968,61
"VETE",1969,105
"VETE",1970,66
"VETE",1971,50
"VETE",1972,65
"VETE",1973,719
"VETE",1974,598
"VETE",1975,973
"VETE",1976,823
"VETE",1977,995
"VETE",1978,1055
"VETE",1979,1121
"VETE",1980,931
"VETE",1981,957
"VETE",1982,1345
"VETE",1983,948
"VETE",1984,1232
"VETE",1985,1090
"VETE",1986,1276
"VETE",1987,1389
"VETE",1988,2167
"VETE",1989,2262
"VETE",1990,2273
"VETE",1991,2495
"VETE",1992,2622
"VETE",1993,2639
"VETE",1994,2345
"VETE",1995,2322
"VETE",1996,3109
"VETE",1997,2892
"VETE",1998,2956
"VETE",1999,2955
"VETE",2000,3002
"VETE",2001,3020
"VETE",2002,3425
"VETE",2003,3894
"VETE",2004,4085
"VETE",2005,3758
"VETE",2006,4590
"VETE",2007,4415
"VETE",2008,4790
"VETE",2009,4712
"VETE",2010,4577
"VETE",2011,5460
"VETE",2012,5388
"VETE",2013,5474
"VETE",2014,5087
"VETE",2015,4899
"VETE",2016,4505
"VETE",2017,5070
"VETE",2018,4967
"VETE",2019,5193
"VETE",2020,5482
"VETE",2021,6139
"MULT",1900,21
"MULT",1901,25
"MULT",1902,30
"MULT",1903,22
"MULT",1904,36
"MULT",1905,57
"MULT",1906,51
"MULT",1907,63
"MULT",1908,55
"MULT",1909,54
"MULT",1910,47
"MULT",1911,42
"MULT",1912,47
"MULT",1913,53
"MULT",1914,56
"MULT",1915,67
"MULT",1916,66
"MULT",1917,67
"MULT",1918,58
"MULT",1919,61
"MULT",1920,74
"MULT",1921,64
"MULT",1922,68
"MULT",1923,60
"MULT",1924,97
"MULT",1925,109
"MULT",1926,101
"MULT",1927,143
"MULT",1928,122
"MULT",1929,96
"MULT",1930,71
"MULT",1931,107
"MULT",1932,101
"MULT",1933,91
"MULT",1934,97
"MULT",1935,113
"MULT",1936,94
"MULT",1937,134
"MULT",1938,141
"MULT",1939,131
"MULT",1940,107
"MULT",1941,89
"MULT",1942,106
"MULT",1943,101
"MULT",1944,103
"MULT",1945,177
"MULT",1946,295
"MULT",1947,309
"MULT",1948,279
"MULT",1949,269
"MULT",1950,346
"MULT",1951,386
"MULT",1952,357
"MULT",1953,465
"MULT",1954,575
"MULT",1955,495
"MULT",1956,596
"MULT",1957,662
"MULT",1958,772
"MULT",1959,553
"MULT",1960,790
"MULT",1961,997
"MULT",1962,985
"MULT",1963,1420
"MULT",1964,2196
"MULT",1965,2162
"MULT",1966,2227
"MULT",1967,2148
"MULT",1968,1623
"MULT",1969,1937
"MULT",1970,1390
"MULT",1971,1178
"MULT",1972,1271
"MULT",1973,1961
"MULT",1974,1883
"MULT",1975,2333
"MULT",1976,2179
"MULT",1977,2221
"MULT",1978,2290
"MULT",1979,2747
"MULT",1980,2141
"MULT",1981,2811
"MULT",1982,2848
"MULT",1983,2573
"MULT",1984,2832
"MULT",1985,3045
"MULT",1986,3325
"MULT",1987,3220
"MULT",1988,3836
"MULT",1989,3558
"MULT",1990,3831
"MULT",1991,3995
"MULT",1992,4113
"MULT",1993,4102
"MULT",1994,4354
"MULT",1995,4494
"MULT",1996,4683
"MULT",1997,4624
"MULT",1998,4638
"MULT",1999,4419
"MULT",2000,4464
"MULT",2001,4640
"MULT",2002,4677
"MULT",2003,4815
"MULT",2004,5077
"MULT",2005,5644
"MULT",2006,5929
"MULT",2007,6397
"MULT",2008,7378
"MULT",2009,8296
"MULT",2010,9592
"MULT",2011,11778
"MULT",2012,15093
"MULT",2013,17278
"MULT",2014,16730
"MULT",2015,18344
"MULT",2016,18871
"MULT",2017,19367
"MULT",2018,17041
"MULT",2019,16984
"MULT",2020,17840
"MULT",2021,17493
